dataset	bids_installed	timeseries_registered	timeseries_content_subjects	qc_table_populated	atlas_tsnr_populated	connectome_file_present
emotion-videos	True	False	0	False	False	False
floc	True	True	3	True	True	True
friends	True	True	6	True	True	True
gamepad	True	True	4	True	True	True
harrypotter	True	True	5	True	False	True
hcptrt	True	True	6	True	True	True
langlocalizer	True	True	4	True	True	True
mario	True	True	5	False	True	True
mario3	True	True	0	True	False	False
mariostars	True	True	0	True	False	False
movie10	True	True	6	True	True	True
multfs	True	True	5	True	False	True
mutemusic	True	True	5	True	True	True
narratives	True	True	5	True	True	True
ood	True	True	0	True	False	False
petit-prince	True	True	5	True	False	True
retinotopy	True	True	4	True	True	True
shinobi	True	True	4	True	False	True
things	True	True	4	True	True	True
triplets	True	True	4	True	False	True
