dataset	subject	session	reason
emotion-videos			qc_table_empty
emotion-videos			atlas_tsnr_empty
emotion-videos			no_connectome_file
friends			atlas_tsnr_empty
gamepad			atlas_tsnr_empty
harrypotter			atlas_tsnr_empty
hcptrt			atlas_tsnr_empty
langlocalizer			qc_table_empty
langlocalizer			atlas_tsnr_empty
mario			qc_table_empty
mario			atlas_tsnr_empty
mario3			timeseries_content_missing
mario3			atlas_tsnr_empty
mario3			no_connectome_file
mariostars			timeseries_content_missing
mariostars			atlas_tsnr_empty
mariostars			no_connectome_file
movie10			atlas_tsnr_empty
multfs			atlas_tsnr_empty
mutemusic			atlas_tsnr_empty
narratives			atlas_tsnr_empty
ood			timeseries_content_missing
ood			atlas_tsnr_empty
ood			no_connectome_file
petit-prince			atlas_tsnr_empty
shinobi			atlas_tsnr_empty
things			atlas_tsnr_empty
triplets			atlas_tsnr_empty
emotion-videos	01	001	unmatched_entities
emotion-videos	01	001	unmatched_entities
emotion-videos	01	001	unmatched_entities
emotion-videos	01	001	unmatched_entities
emotion-videos	01	001	unmatched_entities
emotion-videos	01	001	unmatched_entities
emotion-videos	01	002	unmatched_entities
emotion-videos	01	003	unmatched_entities
emotion-videos	01	003	unmatched_entities
emotion-videos	01	003	unmatched_entities
emotion-videos	01	003	unmatched_entities
emotion-videos	01	003	unmatched_entities
emotion-videos	01	003	unmatched_entities
emotion-videos	01	004	unmatched_entities
emotion-videos	01	004	unmatched_entities
emotion-videos	01	004	unmatched_entities
emotion-videos	01	004	unmatched_entities
emotion-videos	01	004	unmatched_entities
emotion-videos	01	004	unmatched_entities
emotion-videos	01	005	unmatched_entities
emotion-videos	01	005	unmatched_entities
emotion-videos	01	005	unmatched_entities
emotion-videos	01	005	unmatched_entities
emotion-videos	01	005	unmatched_entities
emotion-videos	01	005	unmatched_entities
emotion-videos	01	006	unmatched_entities
emotion-videos	01	006	unmatched_entities
emotion-videos	01	006	unmatched_entities
emotion-videos	01	006	unmatched_entities
emotion-videos	01	006	unmatched_entities
emotion-videos	01	006	unmatched_entities
emotion-videos	01	007	unmatched_entities
emotion-videos	01	007	unmatched_entities
emotion-videos	01	007	unmatched_entities
emotion-videos	01	007	unmatched_entities
emotion-videos	01	007	unmatched_entities
emotion-videos	02	001	unmatched_entities
emotion-videos	02	001	unmatched_entities
emotion-videos	02	001	unmatched_entities
emotion-videos	02	001	unmatched_entities
emotion-videos	02	001	unmatched_entities
emotion-videos	02	001	unmatched_entities
emotion-videos	02	002	unmatched_entities
emotion-videos	02	002	unmatched_entities
emotion-videos	02	002	unmatched_entities
emotion-videos	02	002	unmatched_entities
emotion-videos	02	002	unmatched_entities
emotion-videos	02	002	unmatched_entities
emotion-videos	02	003	unmatched_entities
emotion-videos	02	004	unmatched_entities
emotion-videos	02	004	unmatched_entities
emotion-videos	02	004	unmatched_entities
emotion-videos	02	004	unmatched_entities
emotion-videos	02	004	unmatched_entities
emotion-videos	02	004	unmatched_entities
emotion-videos	02	005	unmatched_entities
emotion-videos	02	005	unmatched_entities
emotion-videos	02	005	unmatched_entities
emotion-videos	02	005	unmatched_entities
emotion-videos	02	005	unmatched_entities
emotion-videos	02	005	unmatched_entities
emotion-videos	02	006	unmatched_entities
emotion-videos	02	006	unmatched_entities
emotion-videos	02	006	unmatched_entities
emotion-videos	02	006	unmatched_entities
emotion-videos	02	006	unmatched_entities
emotion-videos	02	006	unmatched_entities
emotion-videos	02	007	unmatched_entities
emotion-videos	02	007	unmatched_entities
emotion-videos	02	007	unmatched_entities
emotion-videos	02	007	unmatched_entities
emotion-videos	02	007	unmatched_entities
emotion-videos	03	001	unmatched_entities
emotion-videos	03	001	unmatched_entities
emotion-videos	03	001	unmatched_entities
emotion-videos	03	002	unmatched_entities
emotion-videos	03	002	unmatched_entities
emotion-videos	03	002	unmatched_entities
emotion-videos	03	002	unmatched_entities
emotion-videos	03	002	unmatched_entities
emotion-videos	03	002	unmatched_entities
emotion-videos	03	003	unmatched_entities
emotion-videos	03	003	unmatched_entities
emotion-videos	03	003	unmatched_entities
emotion-videos	03	003	unmatched_entities
emotion-videos	03	003	unmatched_entities
emotion-videos	03	003	unmatched_entities
emotion-videos	03	004	unmatched_entities
emotion-videos	03	004	unmatched_entities
emotion-videos	03	004	unmatched_entities
emotion-videos	03	004	unmatched_entities
emotion-videos	03	004	unmatched_entities
emotion-videos	03	004	unmatched_entities
emotion-videos	03	005	unmatched_entities
emotion-videos	03	005	unmatched_entities
emotion-videos	03	005	unmatched_entities
emotion-videos	03	005	unmatched_entities
emotion-videos	03	005	unmatched_entities
emotion-videos	03	005	unmatched_entities
emotion-videos	03	006	unmatched_entities
emotion-videos	03	006	unmatched_entities
emotion-videos	03	006	unmatched_entities
emotion-videos	03	006	unmatched_entities
emotion-videos	03	006	unmatched_entities
emotion-videos	03	006	unmatched_entities
emotion-videos	03	007	unmatched_entities
emotion-videos	03	007	unmatched_entities
emotion-videos	03	007	unmatched_entities
emotion-videos	03	007	unmatched_entities
emotion-videos	03	007	unmatched_entities
emotion-videos	03	007	unmatched_entities
emotion-videos	05	001	unmatched_entities
emotion-videos	05	001	unmatched_entities
emotion-videos	05	001	unmatched_entities
emotion-videos	05	001	unmatched_entities
emotion-videos	05	001	unmatched_entities
emotion-videos	05	001	unmatched_entities
emotion-videos	05	002	unmatched_entities
emotion-videos	05	002	unmatched_entities
emotion-videos	05	002	unmatched_entities
emotion-videos	05	002	unmatched_entities
emotion-videos	05	003	unmatched_entities
emotion-videos	05	003	unmatched_entities
emotion-videos	05	003	unmatched_entities
emotion-videos	05	003	unmatched_entities
emotion-videos	05	003	unmatched_entities
emotion-videos	05	003	unmatched_entities
emotion-videos	05	004	unmatched_entities
emotion-videos	05	004	unmatched_entities
emotion-videos	05	004	unmatched_entities
emotion-videos	05	004	unmatched_entities
emotion-videos	05	004	unmatched_entities
emotion-videos	05	004	unmatched_entities
emotion-videos	05	005	unmatched_entities
emotion-videos	05	005	unmatched_entities
emotion-videos	05	005	unmatched_entities
emotion-videos	05	005	unmatched_entities
emotion-videos	05	005	unmatched_entities
emotion-videos	05	005	unmatched_entities
emotion-videos	05	005	unmatched_entities
emotion-videos	05	005	unmatched_entities
emotion-videos	05	006	unmatched_entities
emotion-videos	05	006	unmatched_entities
emotion-videos	05	006	unmatched_entities
emotion-videos	05	006	unmatched_entities
emotion-videos	05	006	unmatched_entities
emotion-videos	05	006	unmatched_entities
emotion-videos	05	006	unmatched_entities
emotion-videos	05	006	unmatched_entities
emotion-videos	06	001	unmatched_entities
emotion-videos	06	001	unmatched_entities
emotion-videos	06	001	unmatched_entities
emotion-videos	06	001	unmatched_entities
emotion-videos	06	001	unmatched_entities
emotion-videos	06	001	unmatched_entities
emotion-videos	06	002	unmatched_entities
emotion-videos	06	002	unmatched_entities
emotion-videos	06	002	unmatched_entities
emotion-videos	06	002	unmatched_entities
emotion-videos	06	002	unmatched_entities
emotion-videos	06	002	unmatched_entities
emotion-videos	06	003	unmatched_entities
emotion-videos	06	003	unmatched_entities
emotion-videos	06	003	unmatched_entities
emotion-videos	06	003	unmatched_entities
emotion-videos	06	003	unmatched_entities
emotion-videos	06	003	unmatched_entities
emotion-videos	06	004	unmatched_entities
emotion-videos	06	004	unmatched_entities
emotion-videos	06	004	unmatched_entities
emotion-videos	06	004	unmatched_entities
emotion-videos	06	004	unmatched_entities
emotion-videos	06	004	unmatched_entities
emotion-videos	06	005	unmatched_entities
emotion-videos	06	005	unmatched_entities
emotion-videos	06	005	unmatched_entities
emotion-videos	06	005	unmatched_entities
emotion-videos	06	005	unmatched_entities
emotion-videos	06	005	unmatched_entities
emotion-videos	06	006	unmatched_entities
emotion-videos	06	006	unmatched_entities
emotion-videos	06	006	unmatched_entities
emotion-videos	06	006	unmatched_entities
emotion-videos	06	006	unmatched_entities
emotion-videos	06	006	unmatched_entities
floc	02	001	unmatched_entities
floc	02	001	unmatched_entities
floc	03	001	unmatched_entities
floc	03	001	unmatched_entities
friends	01	067	unmatched_entities
friends	01	067	unmatched_entities
friends	01	068	unmatched_entities
friends	01	069	unmatched_entities
friends	01	070	unmatched_entities
friends	01	071	unmatched_entities
friends	01	071	unmatched_entities
friends	01	072	unmatched_entities
friends	01	073	unmatched_entities
friends	01	074	unmatched_entities
friends	01	075	unmatched_entities
friends	01	075	unmatched_entities
friends	01	076	unmatched_entities
friends	01	076	unmatched_entities
friends	01	077	unmatched_entities
friends	01	078	unmatched_entities
friends	01	079	unmatched_entities
friends	01	079	unmatched_entities
friends	01	080	unmatched_entities
friends	01	080	unmatched_entities
friends	01	080	unmatched_entities
friends	01	080	unmatched_entities
friends	01	080	unmatched_entities
friends	01	081	unmatched_entities
friends	01	081	unmatched_entities
friends	01	082	unmatched_entities
friends	01	082	unmatched_entities
friends	01	083	unmatched_entities
friends	01	083	unmatched_entities
friends	01	084	unmatched_entities
friends	01	084	unmatched_entities
friends	01	085	unmatched_entities
friends	01	085	unmatched_entities
friends	01	086	unmatched_entities
friends	01	087	unmatched_entities
friends	01	087	unmatched_entities
friends	01	088	unmatched_entities
friends	01	088	unmatched_entities
friends	01	088	unmatched_entities
friends	01	089	unmatched_entities
friends	01	089	unmatched_entities
friends	01	090	unmatched_entities
friends	01	090	unmatched_entities
friends	01	090	unmatched_entities
friends	01	090	unmatched_entities
friends	01	091	unmatched_entities
friends	01	091	unmatched_entities
friends	01	091	unmatched_entities
friends	01	091	unmatched_entities
friends	02	059	unmatched_entities
friends	02	059	unmatched_entities
friends	02	059	unmatched_entities
friends	02	059	unmatched_entities
friends	02	059	unmatched_entities
friends	02	060	unmatched_entities
friends	02	060	unmatched_entities
friends	02	060	unmatched_entities
friends	02	060	unmatched_entities
friends	02	060	unmatched_entities
friends	02	061	unmatched_entities
friends	02	061	unmatched_entities
friends	02	062	unmatched_entities
friends	02	062	unmatched_entities
friends	02	062	unmatched_entities
friends	02	064	unmatched_entities
friends	02	065	unmatched_entities
friends	02	065	unmatched_entities
friends	02	066	unmatched_entities
friends	02	066	unmatched_entities
friends	02	067	unmatched_entities
friends	02	067	unmatched_entities
friends	02	068	unmatched_entities
friends	02	068	unmatched_entities
friends	02	069	unmatched_entities
friends	02	069	unmatched_entities
friends	02	070	unmatched_entities
friends	02	070	unmatched_entities
friends	02	071	unmatched_entities
friends	02	071	unmatched_entities
friends	02	072	unmatched_entities
friends	02	072	unmatched_entities
friends	02	072	unmatched_entities
friends	02	073	unmatched_entities
friends	02	073	unmatched_entities
friends	02	073	unmatched_entities
friends	02	074	unmatched_entities
friends	02	074	unmatched_entities
friends	02	076	unmatched_entities
friends	02	076	unmatched_entities
friends	02	077	unmatched_entities
friends	02	077	unmatched_entities
friends	02	077	unmatched_entities
friends	02	078	unmatched_entities
friends	02	078	unmatched_entities
friends	02	078	unmatched_entities
friends	02	079	unmatched_entities
friends	02	079	unmatched_entities
friends	02	079	unmatched_entities
friends	03	084	unmatched_entities
friends	03	084	unmatched_entities
friends	03	084	unmatched_entities
friends	03	084	unmatched_entities
friends	03	084	unmatched_entities
friends	03	085	unmatched_entities
friends	03	085	unmatched_entities
friends	03	085	unmatched_entities
friends	03	085	unmatched_entities
friends	03	086	unmatched_entities
friends	03	086	unmatched_entities
friends	03	086	unmatched_entities
friends	03	086	unmatched_entities
friends	03	086	unmatched_entities
friends	03	087	unmatched_entities
friends	03	087	unmatched_entities
friends	03	087	unmatched_entities
friends	03	087	unmatched_entities
friends	03	088	unmatched_entities
friends	03	089	unmatched_entities
friends	03	089	unmatched_entities
friends	03	090	unmatched_entities
friends	03	091	unmatched_entities
friends	03	093	unmatched_entities
friends	03	094	unmatched_entities
friends	03	095	unmatched_entities
friends	03	095	unmatched_entities
friends	03	096	unmatched_entities
friends	03	097	unmatched_entities
friends	03	098	unmatched_entities
friends	03	098	unmatched_entities
friends	03	099	unmatched_entities
friends	03	099	unmatched_entities
friends	03	099	unmatched_entities
friends	03	099	unmatched_entities
friends	03	100	unmatched_entities
friends	03	100	unmatched_entities
friends	03	101	unmatched_entities
friends	03	101	unmatched_entities
friends	03	102	unmatched_entities
friends	03	102	unmatched_entities
friends	03	102	unmatched_entities
friends	03	102	unmatched_entities
friends	03	102	unmatched_entities
friends	03	103	unmatched_entities
friends	03	103	unmatched_entities
friends	03	104	unmatched_entities
friends	03	104	unmatched_entities
friends	03	104	unmatched_entities
friends	05	047	unmatched_entities
friends	05	047	unmatched_entities
friends	05	047	unmatched_entities
friends	05	047	unmatched_entities
friends	05	047	unmatched_entities
friends	05	048	unmatched_entities
friends	05	048	unmatched_entities
friends	05	049	unmatched_entities
friends	05	049	unmatched_entities
friends	05	050	unmatched_entities
friends	05	050	unmatched_entities
friends	05	050	unmatched_entities
friends	05	050	unmatched_entities
friends	05	050	unmatched_entities
friends	05	050	unmatched_entities
friends	05	051	unmatched_entities
friends	05	051	unmatched_entities
friends	05	051	unmatched_entities
friends	05	051	unmatched_entities
friends	05	051	unmatched_entities
friends	05	052	unmatched_entities
friends	05	052	unmatched_entities
friends	05	053	unmatched_entities
friends	05	053	unmatched_entities
friends	05	053	unmatched_entities
friends	05	053	unmatched_entities
friends	05	054	unmatched_entities
friends	05	054	unmatched_entities
friends	05	054	unmatched_entities
friends	05	055	unmatched_entities
friends	05	055	unmatched_entities
friends	05	055	unmatched_entities
friends	05	056	unmatched_entities
friends	05	056	unmatched_entities
friends	05	056	unmatched_entities
friends	05	056	unmatched_entities
friends	05	056	unmatched_entities
friends	05	057	unmatched_entities
friends	05	057	unmatched_entities
friends	05	057	unmatched_entities
friends	05	057	unmatched_entities
friends	05	057	unmatched_entities
friends	05	057	unmatched_entities
friends	05	057	unmatched_entities
friends	05	057	unmatched_entities
friends	05	057	unmatched_entities
friends	05	057	unmatched_entities
friends	06	056	unmatched_entities
friends	06	056	unmatched_entities
friends	06	056	unmatched_entities
friends	06	056	unmatched_entities
friends	06	057	unmatched_entities
friends	06	057	unmatched_entities
friends	06	057	unmatched_entities
friends	06	057	unmatched_entities
friends	06	058	unmatched_entities
friends	06	058	unmatched_entities
friends	06	058	unmatched_entities
friends	06	058	unmatched_entities
friends	06	059	unmatched_entities
friends	06	059	unmatched_entities
friends	06	059	unmatched_entities
friends	06	059	unmatched_entities
friends	06	059	unmatched_entities
friends	06	060	unmatched_entities
friends	06	060	unmatched_entities
friends	06	060	unmatched_entities
friends	06	060	unmatched_entities
friends	06	060	unmatched_entities
friends	06	060	unmatched_entities
friends	06	060	unmatched_entities
friends	06	061	unmatched_entities
friends	06	061	unmatched_entities
friends	06	061	unmatched_entities
friends	06	062	unmatched_entities
friends	06	063	unmatched_entities
friends	06	063	unmatched_entities
friends	06	063	unmatched_entities
friends	06	063	unmatched_entities
friends	06	063	unmatched_entities
friends	06	063	unmatched_entities
friends	06	064	unmatched_entities
friends	06	065	unmatched_entities
friends	06	065	unmatched_entities
friends	06	065	unmatched_entities
friends	06	065	unmatched_entities
friends	06	065	unmatched_entities
friends	06	066	unmatched_entities
friends	06	066	unmatched_entities
friends	06	067	unmatched_entities
friends	06	067	unmatched_entities
friends	06	068	unmatched_entities
friends	06	068	unmatched_entities
friends	06	069	unmatched_entities
friends	06	070	unmatched_entities
friends	06	070	unmatched_entities
friends	06	070	unmatched_entities
mario	01	011	unmatched_entities
mario	01	011	unmatched_entities
mario	01	011	unmatched_entities
mario	01	011	unmatched_entities
mario	05	019	unmatched_entities
mario	05	019	unmatched_entities
mario	05	019	unmatched_entities
mario	05	019	unmatched_entities
mario	05	019	unmatched_entities
mario	05	020	unmatched_entities
mario	05	020	unmatched_entities
mario	05	020	unmatched_entities
mario	05	020	unmatched_entities
mario	05	020	unmatched_entities
mario	05	021	unmatched_entities
mario	05	021	unmatched_entities
mario	05	021	unmatched_entities
mario	05	021	unmatched_entities
mario	05	021	unmatched_entities
mario	05	021	unmatched_entities
mario	05	021	unmatched_entities
mario	05	022	unmatched_entities
mario	05	022	unmatched_entities
mario	05	022	unmatched_entities
mario	05	022	unmatched_entities
mario	05	022	unmatched_entities
mario3	01	001	unmatched_entities
mario3	01	001	unmatched_entities
mario3	01	002	unmatched_entities
mario3	01	002	unmatched_entities
mario3	01	002	unmatched_entities
mario3	01	003	unmatched_entities
mario3	01	003	unmatched_entities
mario3	01	003	unmatched_entities
mario3	01	004	unmatched_entities
mario3	01	004	unmatched_entities
mario3	01	004	unmatched_entities
mario3	01	005	unmatched_entities
mario3	01	005	unmatched_entities
mario3	01	006	unmatched_entities
mario3	01	006	unmatched_entities
mario3	01	006	unmatched_entities
mario3	01	007	unmatched_entities
mario3	01	007	unmatched_entities
mario3	01	008	unmatched_entities
mario3	01	008	unmatched_entities
mario3	01	009	unmatched_entities
mario3	01	011	unmatched_entities
mario3	01	011	unmatched_entities
mario3	01	011	unmatched_entities
mario3	01	011	unmatched_entities
mario3	01	011	unmatched_entities
mario3	01	012	unmatched_entities
mario3	01	012	unmatched_entities
mario3	01	012	unmatched_entities
mario3	01	013	unmatched_entities
mario3	01	013	unmatched_entities
mario3	01	014	unmatched_entities
mario3	01	014	unmatched_entities
mario3	01	014	unmatched_entities
mario3	01	015	unmatched_entities
mario3	01	015	unmatched_entities
mario3	01	015	unmatched_entities
mario3	01	016	unmatched_entities
mario3	01	016	unmatched_entities
mario3	01	016	unmatched_entities
mario3	01	017	unmatched_entities
mario3	01	017	unmatched_entities
mario3	01	017	unmatched_entities
mario3	01	017	unmatched_entities
mario3	01	017	unmatched_entities
mario3	01	018	unmatched_entities
mario3	01	018	unmatched_entities
mario3	01	018	unmatched_entities
mario3	01	019	unmatched_entities
mario3	01	019	unmatched_entities
mario3	01	019	unmatched_entities
mario3	01	020	unmatched_entities
mario3	01	021	unmatched_entities
mario3	01	021	unmatched_entities
mario3	01	021	unmatched_entities
mario3	01	021	unmatched_entities
mario3	01	022	unmatched_entities
mario3	01	022	unmatched_entities
mario3	01	022	unmatched_entities
mario3	01	023	unmatched_entities
mario3	01	023	unmatched_entities
mario3	01	023	unmatched_entities
mario3	01	024	unmatched_entities
mario3	01	024	unmatched_entities
mario3	01	024	unmatched_entities
mario3	01	024	unmatched_entities
mario3	01	025	unmatched_entities
mario3	01	025	unmatched_entities
mario3	01	025	unmatched_entities
mario3	02	001	unmatched_entities
mario3	02	001	unmatched_entities
mario3	02	001	unmatched_entities
mario3	02	001	unmatched_entities
mario3	02	002	unmatched_entities
mario3	02	002	unmatched_entities
mario3	02	002	unmatched_entities
mario3	02	002	unmatched_entities
mario3	02	003	unmatched_entities
mario3	02	003	unmatched_entities
mario3	02	003	unmatched_entities
mario3	02	004	unmatched_entities
mario3	02	004	unmatched_entities
mario3	02	004	unmatched_entities
mario3	02	005	unmatched_entities
mario3	02	005	unmatched_entities
mario3	02	005	unmatched_entities
mario3	02	006	unmatched_entities
mario3	02	006	unmatched_entities
mario3	02	006	unmatched_entities
mario3	02	007	unmatched_entities
mario3	02	007	unmatched_entities
mario3	02	007	unmatched_entities
mario3	02	008	unmatched_entities
mario3	02	008	unmatched_entities
mario3	02	008	unmatched_entities
mario3	02	008	unmatched_entities
mario3	02	009	unmatched_entities
mario3	02	009	unmatched_entities
mario3	02	009	unmatched_entities
mario3	02	010	unmatched_entities
mario3	02	010	unmatched_entities
mario3	02	010	unmatched_entities
mario3	02	011	unmatched_entities
mario3	02	011	unmatched_entities
mario3	02	011	unmatched_entities
mario3	02	011	unmatched_entities
mario3	02	012	unmatched_entities
mario3	02	012	unmatched_entities
mario3	02	012	unmatched_entities
mario3	02	012	unmatched_entities
mario3	02	013	unmatched_entities
mario3	02	014	unmatched_entities
mario3	02	014	unmatched_entities
mario3	02	014	unmatched_entities
mario3	02	014	unmatched_entities
mario3	02	015	unmatched_entities
mario3	02	015	unmatched_entities
mario3	02	015	unmatched_entities
mario3	02	015	unmatched_entities
mario3	02	016	unmatched_entities
mario3	02	016	unmatched_entities
mario3	02	016	unmatched_entities
mario3	02	016	unmatched_entities
mario3	02	016	unmatched_entities
mario3	02	017	unmatched_entities
mario3	02	017	unmatched_entities
mario3	02	017	unmatched_entities
mario3	02	017	unmatched_entities
mario3	02	017	unmatched_entities
mario3	02	017	unmatched_entities
mario3	02	017	unmatched_entities
mario3	02	018	unmatched_entities
mario3	02	018	unmatched_entities
mario3	02	018	unmatched_entities
mario3	02	018	unmatched_entities
mario3	02	018	unmatched_entities
mario3	02	018	unmatched_entities
mario3	02	019	unmatched_entities
mario3	02	019	unmatched_entities
mario3	02	019	unmatched_entities
mario3	02	019	unmatched_entities
mario3	02	019	unmatched_entities
mario3	02	019	unmatched_entities
mario3	03	001	unmatched_entities
mario3	03	001	unmatched_entities
mario3	03	001	unmatched_entities
mario3	03	001	unmatched_entities
mario3	03	001	unmatched_entities
mario3	03	002	unmatched_entities
mario3	03	002	unmatched_entities
mario3	03	002	unmatched_entities
mario3	03	003	unmatched_entities
mario3	03	003	unmatched_entities
mario3	03	003	unmatched_entities
mario3	03	003	unmatched_entities
mario3	03	003	unmatched_entities
mario3	03	004	unmatched_entities
mario3	03	004	unmatched_entities
mario3	03	004	unmatched_entities
mario3	03	005	unmatched_entities
mario3	03	005	unmatched_entities
mario3	03	005	unmatched_entities
mario3	03	005	unmatched_entities
mario3	03	006	unmatched_entities
mario3	03	006	unmatched_entities
mario3	03	006	unmatched_entities
mario3	03	007	unmatched_entities
mario3	03	007	unmatched_entities
mario3	03	007	unmatched_entities
mario3	03	008	unmatched_entities
mario3	03	008	unmatched_entities
mario3	03	008	unmatched_entities
mario3	03	008	unmatched_entities
mario3	03	009	unmatched_entities
mario3	03	009	unmatched_entities
mario3	03	009	unmatched_entities
mario3	03	010	unmatched_entities
mario3	03	011	unmatched_entities
mario3	03	011	unmatched_entities
mario3	03	011	unmatched_entities
mario3	03	011	unmatched_entities
mario3	03	012	unmatched_entities
mario3	03	012	unmatched_entities
mario3	03	013	unmatched_entities
mario3	03	013	unmatched_entities
mario3	03	013	unmatched_entities
mario3	03	013	unmatched_entities
mario3	03	014	unmatched_entities
mario3	03	014	unmatched_entities
mario3	03	014	unmatched_entities
mario3	03	014	unmatched_entities
mario3	03	014	unmatched_entities
mario3	03	015	unmatched_entities
mario3	03	015	unmatched_entities
mario3	03	015	unmatched_entities
mario3	03	015	unmatched_entities
mario3	03	016	unmatched_entities
mario3	03	016	unmatched_entities
mario3	03	016	unmatched_entities
mario3	03	016	unmatched_entities
mario3	03	017	unmatched_entities
mario3	03	017	unmatched_entities
mario3	03	017	unmatched_entities
mario3	03	017	unmatched_entities
mario3	03	017	unmatched_entities
mario3	03	018	unmatched_entities
mario3	03	018	unmatched_entities
mario3	03	018	unmatched_entities
mario3	03	018	unmatched_entities
mario3	03	018	unmatched_entities
mario3	03	018	unmatched_entities
mario3	03	019	unmatched_entities
mario3	03	019	unmatched_entities
mario3	03	019	unmatched_entities
mario3	03	019	unmatched_entities
mario3	03	019	unmatched_entities
mario3	05	001	unmatched_entities
mario3	05	001	unmatched_entities
mario3	05	001	unmatched_entities
mario3	05	001	unmatched_entities
mario3	05	002	unmatched_entities
mario3	05	002	unmatched_entities
mario3	05	002	unmatched_entities
mario3	05	002	unmatched_entities
mario3	05	002	unmatched_entities
mario3	05	002	unmatched_entities
mario3	05	002	unmatched_entities
mario3	05	003	unmatched_entities
mario3	05	003	unmatched_entities
mario3	05	003	unmatched_entities
mario3	05	003	unmatched_entities
mario3	05	003	unmatched_entities
mario3	05	003	unmatched_entities
mario3	05	003	unmatched_entities
mario3	05	003	unmatched_entities
mario3	05	004	unmatched_entities
mario3	05	004	unmatched_entities
mario3	05	004	unmatched_entities
mario3	05	004	unmatched_entities
mario3	05	004	unmatched_entities
mario3	05	004	unmatched_entities
mario3	05	005	unmatched_entities
mario3	05	005	unmatched_entities
mario3	05	005	unmatched_entities
mario3	05	005	unmatched_entities
mario3	05	006	unmatched_entities
mario3	05	006	unmatched_entities
mario3	05	006	unmatched_entities
mario3	05	006	unmatched_entities
mario3	05	006	unmatched_entities
mario3	05	006	unmatched_entities
mario3	05	006	unmatched_entities
mario3	05	007	unmatched_entities
mario3	05	007	unmatched_entities
mario3	05	007	unmatched_entities
mario3	05	007	unmatched_entities
mario3	05	007	unmatched_entities
mario3	05	007	unmatched_entities
mario3	05	007	unmatched_entities
mario3	05	008	unmatched_entities
mario3	05	008	unmatched_entities
mario3	05	008	unmatched_entities
mario3	05	008	unmatched_entities
mario3	05	008	unmatched_entities
mario3	05	008	unmatched_entities
mario3	05	009	unmatched_entities
mario3	05	009	unmatched_entities
mario3	05	009	unmatched_entities
mario3	05	009	unmatched_entities
mario3	05	009	unmatched_entities
mario3	05	009	unmatched_entities
mario3	05	010	unmatched_entities
mario3	05	010	unmatched_entities
mario3	05	010	unmatched_entities
mario3	05	010	unmatched_entities
mario3	05	010	unmatched_entities
mario3	05	010	unmatched_entities
mario3	05	010	unmatched_entities
mario3	05	010	unmatched_entities
mario3	05	010	unmatched_entities
mario3	05	010	unmatched_entities
mario3	06	001	unmatched_entities
mario3	06	001	unmatched_entities
mario3	06	001	unmatched_entities
mario3	06	001	unmatched_entities
mario3	06	002	unmatched_entities
mario3	06	002	unmatched_entities
mario3	06	002	unmatched_entities
mario3	06	002	unmatched_entities
mario3	06	003	unmatched_entities
mario3	06	003	unmatched_entities
mario3	06	003	unmatched_entities
mario3	06	003	unmatched_entities
mario3	06	004	unmatched_entities
mario3	06	004	unmatched_entities
mario3	06	004	unmatched_entities
mario3	06	005	unmatched_entities
mario3	06	005	unmatched_entities
mario3	06	005	unmatched_entities
mario3	06	006	unmatched_entities
mario3	06	006	unmatched_entities
mario3	06	006	unmatched_entities
mario3	06	007	unmatched_entities
mario3	06	007	unmatched_entities
mario3	06	008	unmatched_entities
mario3	06	008	unmatched_entities
mario3	06	008	unmatched_entities
mario3	06	009	unmatched_entities
mario3	06	009	unmatched_entities
mario3	06	009	unmatched_entities
mario3	06	010	unmatched_entities
mario3	06	010	unmatched_entities
mario3	06	010	unmatched_entities
mario3	06	011	unmatched_entities
mario3	06	011	unmatched_entities
mario3	06	011	unmatched_entities
mario3	06	012	unmatched_entities
mario3	06	012	unmatched_entities
mario3	06	012	unmatched_entities
mario3	06	013	unmatched_entities
mario3	06	013	unmatched_entities
mario3	06	013	unmatched_entities
mario3	06	014	unmatched_entities
mario3	06	014	unmatched_entities
mario3	06	014	unmatched_entities
mario3	06	015	unmatched_entities
mario3	06	015	unmatched_entities
mario3	06	015	unmatched_entities
mario3	06	015	unmatched_entities
mario3	06	016	unmatched_entities
mario3	06	016	unmatched_entities
mario3	06	016	unmatched_entities
mario3	06	017	unmatched_entities
mario3	06	017	unmatched_entities
mario3	06	018	unmatched_entities
mario3	06	018	unmatched_entities
mario3	06	018	unmatched_entities
mariostars	01	001	unmatched_entities
mariostars	01	001	unmatched_entities
mariostars	01	001	unmatched_entities
mariostars	01	001	unmatched_entities
mariostars	01	002	unmatched_entities
mariostars	01	002	unmatched_entities
mariostars	01	002	unmatched_entities
mariostars	01	002	unmatched_entities
mariostars	01	003	unmatched_entities
mariostars	01	003	unmatched_entities
mariostars	01	003	unmatched_entities
mariostars	01	003	unmatched_entities
mariostars	01	003	unmatched_entities
mariostars	01	004	unmatched_entities
mariostars	01	004	unmatched_entities
mariostars	01	004	unmatched_entities
mariostars	01	004	unmatched_entities
mariostars	01	004	unmatched_entities
mariostars	01	005	unmatched_entities
mariostars	01	005	unmatched_entities
mariostars	01	005	unmatched_entities
mariostars	01	006	unmatched_entities
mariostars	01	006	unmatched_entities
mariostars	01	006	unmatched_entities
mariostars	01	006	unmatched_entities
mariostars	01	007	unmatched_entities
mariostars	01	007	unmatched_entities
mariostars	02	001	unmatched_entities
mariostars	02	001	unmatched_entities
mariostars	02	001	unmatched_entities
mariostars	02	002	unmatched_entities
mariostars	02	002	unmatched_entities
mariostars	02	002	unmatched_entities
mariostars	02	002	unmatched_entities
mariostars	02	003	unmatched_entities
mariostars	02	003	unmatched_entities
mariostars	02	003	unmatched_entities
mariostars	02	004	unmatched_entities
mariostars	02	004	unmatched_entities
mariostars	02	004	unmatched_entities
mariostars	02	005	unmatched_entities
mariostars	02	005	unmatched_entities
mariostars	02	006	unmatched_entities
mariostars	02	006	unmatched_entities
mariostars	02	007	unmatched_entities
mariostars	02	007	unmatched_entities
mariostars	02	007	unmatched_entities
mariostars	02	008	unmatched_entities
mariostars	02	008	unmatched_entities
mariostars	02	008	unmatched_entities
mariostars	02	009	unmatched_entities
mariostars	02	009	unmatched_entities
mariostars	02	010	unmatched_entities
mariostars	02	010	unmatched_entities
mariostars	02	011	unmatched_entities
mariostars	02	011	unmatched_entities
mariostars	02	011	unmatched_entities
mariostars	02	012	unmatched_entities
mariostars	02	012	unmatched_entities
mariostars	03	001	unmatched_entities
mariostars	03	001	unmatched_entities
mariostars	03	001	unmatched_entities
mariostars	03	001	unmatched_entities
mariostars	03	001	unmatched_entities
mariostars	03	002	unmatched_entities
mariostars	03	002	unmatched_entities
mariostars	03	003	unmatched_entities
mariostars	03	004	unmatched_entities
mariostars	03	005	unmatched_entities
mariostars	03	005	unmatched_entities
mariostars	03	006	unmatched_entities
mariostars	03	006	unmatched_entities
mariostars	03	007	unmatched_entities
mariostars	03	007	unmatched_entities
mariostars	03	008	unmatched_entities
mariostars	03	008	unmatched_entities
mariostars	03	008	unmatched_entities
mariostars	03	009	unmatched_entities
mariostars	03	009	unmatched_entities
mariostars	03	010	unmatched_entities
mariostars	03	010	unmatched_entities
mariostars	03	010	unmatched_entities
mariostars	03	011	unmatched_entities
mariostars	03	011	unmatched_entities
mariostars	03	011	unmatched_entities
mariostars	03	011	unmatched_entities
mariostars	03	011	unmatched_entities
mariostars	03	012	unmatched_entities
mariostars	03	012	unmatched_entities
mariostars	03	012	unmatched_entities
mariostars	03	012	unmatched_entities
mariostars	03	012	unmatched_entities
mariostars	03	013	unmatched_entities
mariostars	03	013	unmatched_entities
mariostars	03	013	unmatched_entities
mariostars	05	001	unmatched_entities
mariostars	05	001	unmatched_entities
mariostars	05	001	unmatched_entities
mariostars	05	001	unmatched_entities
mariostars	05	002	unmatched_entities
mariostars	05	002	unmatched_entities
mariostars	05	002	unmatched_entities
mariostars	05	002	unmatched_entities
mariostars	05	002	unmatched_entities
mariostars	05	002	unmatched_entities
mariostars	05	002	unmatched_entities
mariostars	05	002	unmatched_entities
mariostars	05	002	unmatched_entities
mariostars	05	002	unmatched_entities
mariostars	05	003	unmatched_entities
mariostars	05	003	unmatched_entities
mariostars	05	003	unmatched_entities
mariostars	05	003	unmatched_entities
mariostars	05	003	unmatched_entities
mariostars	05	003	unmatched_entities
mariostars	05	003	unmatched_entities
mariostars	05	003	unmatched_entities
mariostars	05	003	unmatched_entities
mariostars	05	003	unmatched_entities
mariostars	05	004	unmatched_entities
mariostars	05	004	unmatched_entities
mariostars	05	004	unmatched_entities
mariostars	05	004	unmatched_entities
mariostars	05	004	unmatched_entities
mariostars	05	005	unmatched_entities
mariostars	05	005	unmatched_entities
mariostars	05	005	unmatched_entities
mariostars	05	005	unmatched_entities
mariostars	05	005	unmatched_entities
mariostars	05	005	unmatched_entities
mariostars	05	006	unmatched_entities
mariostars	05	006	unmatched_entities
mariostars	05	006	unmatched_entities
mariostars	05	006	unmatched_entities
mariostars	05	006	unmatched_entities
mariostars	05	006	unmatched_entities
mariostars	06	001	unmatched_entities
mariostars	06	001	unmatched_entities
mariostars	06	001	unmatched_entities
mariostars	06	001	unmatched_entities
mariostars	06	002	unmatched_entities
mariostars	06	002	unmatched_entities
mariostars	06	002	unmatched_entities
mariostars	06	003	unmatched_entities
mariostars	06	003	unmatched_entities
mariostars	06	003	unmatched_entities
mariostars	06	003	unmatched_entities
mariostars	06	004	unmatched_entities
mariostars	06	004	unmatched_entities
mariostars	06	004	unmatched_entities
mariostars	06	004	unmatched_entities
mariostars	06	005	unmatched_entities
mariostars	06	005	unmatched_entities
mariostars	06	005	unmatched_entities
mariostars	06	005	unmatched_entities
mariostars	06	005	unmatched_entities
mariostars	06	007	unmatched_entities
mariostars	06	007	unmatched_entities
mariostars	06	007	unmatched_entities
mariostars	06	007	unmatched_entities
mariostars	06	009	unmatched_entities
mariostars	06	009	unmatched_entities
mariostars	06	010	unmatched_entities
mariostars	06	010	unmatched_entities
mariostars	06	010	unmatched_entities
mariostars	06	011	unmatched_entities
mariostars	06	011	unmatched_entities
mariostars	06	011	unmatched_entities
mariostars	06	012	unmatched_entities
mariostars	06	012	unmatched_entities
mariostars	06	012	unmatched_entities
mariostars	06	012	unmatched_entities
mariostars	06	013	unmatched_entities
mariostars	06	013	unmatched_entities
mariostars	06	013	unmatched_entities
mariostars	06	013	unmatched_entities
mariostars	06	014	unmatched_entities
mariostars	06	014	unmatched_entities
mariostars	06	015	unmatched_entities
mariostars	06	015	unmatched_entities
mariostars	06	015	unmatched_entities
mariostars	06	015	unmatched_entities
multfs	02	000	unmatched_entities
multfs	02	000	unmatched_entities
multfs	02	000	unmatched_entities
multfs	02	000	unmatched_entities
mutemusic	01	004	unmatched_entities
mutemusic	03	001	unmatched_entities
mutemusic	05	002	unmatched_entities
mutemusic	05	002	unmatched_entities
mutemusic	05	003	unmatched_entities
mutemusic	06	002	unmatched_entities
mutemusic	06	004	unmatched_entities
ood	01	001	unmatched_entities
ood	01	001	unmatched_entities
ood	01	001	unmatched_entities
ood	01	001	unmatched_entities
ood	01	001	unmatched_entities
ood	01	001	unmatched_entities
ood	01	002	unmatched_entities
ood	01	002	unmatched_entities
ood	01	002	unmatched_entities
ood	01	002	unmatched_entities
ood	01	002	unmatched_entities
ood	01	002	unmatched_entities
ood	02	001	unmatched_entities
ood	02	001	unmatched_entities
ood	02	001	unmatched_entities
ood	02	001	unmatched_entities
ood	02	001	unmatched_entities
ood	02	001	unmatched_entities
ood	02	002	unmatched_entities
ood	02	002	unmatched_entities
ood	02	002	unmatched_entities
ood	02	002	unmatched_entities
ood	02	002	unmatched_entities
ood	02	002	unmatched_entities
ood	03	001	unmatched_entities
ood	03	001	unmatched_entities
ood	03	001	unmatched_entities
ood	03	001	unmatched_entities
ood	03	001	unmatched_entities
ood	03	001	unmatched_entities
ood	03	002	unmatched_entities
ood	03	002	unmatched_entities
ood	03	002	unmatched_entities
ood	03	002	unmatched_entities
ood	03	002	unmatched_entities
ood	03	002	unmatched_entities
ood	05	001	unmatched_entities
ood	05	001	unmatched_entities
ood	05	001	unmatched_entities
ood	05	001	unmatched_entities
ood	05	002	unmatched_entities
ood	05	002	unmatched_entities
ood	05	002	unmatched_entities
ood	05	002	unmatched_entities
ood	05	002	unmatched_entities
ood	05	002	unmatched_entities
ood	05	002	unmatched_entities
ood	05	002	unmatched_entities
things	06	08	unmatched_entities
triplets	01	016	unmatched_entities
triplets	01	016	unmatched_entities
triplets	01	016	unmatched_entities
triplets	03	002	unmatched_entities
triplets	03	002	unmatched_entities
triplets	03	002	unmatched_entities
triplets	03	013	unmatched_entities
triplets	06	001	unmatched_entities
triplets	06	006	unmatched_entities
triplets	06	006	unmatched_entities
triplets	06	006	unmatched_entities
triplets	06	007	unmatched_entities
triplets	06	007	unmatched_entities
triplets	06	007	unmatched_entities
