dataset	subject	session	n_raw_runs	n_timeseries_runs	n_qc_runs	raw_duration_sec	usable_duration_sec	passes_gate	has_connectome
emotion-videos	01	001	6	0	0	3021.0		False	False
emotion-videos	01	002	1	0	0	503.5		False	False
emotion-videos	01	003	6	0	0	3021.0		False	False
emotion-videos	01	004	6	0	0	3021.0		False	False
emotion-videos	01	005	6	0	0	3021.0		False	False
emotion-videos	01	006	6	0	0	3021.0		False	False
emotion-videos	01	007	5	0	0	2517.5		False	False
emotion-videos	02	001	6	0	0	3021.0		False	False
emotion-videos	02	002	6	0	0	3021.0		False	False
emotion-videos	02	003	1	0	0	503.5		False	False
emotion-videos	02	004	6	0	0	3021.0		False	False
emotion-videos	02	005	6	0	0	3021.0		False	False
emotion-videos	02	006	6	0	0	3021.0		False	False
emotion-videos	02	007	5	0	0	2517.5		False	False
emotion-videos	03	001	3	0	0	1510.5		False	False
emotion-videos	03	002	6	0	0	3021.0		False	False
emotion-videos	03	003	6	0	0	3021.0		False	False
emotion-videos	03	004	6	0	0	3021.0		False	False
emotion-videos	03	005	6	0	0	3021.0		False	False
emotion-videos	03	006	6	0	0	3021.0		False	False
emotion-videos	03	007	6	0	0	3021.0		False	False
emotion-videos	05	001	6	0	0	3021.0		False	False
emotion-videos	05	002	4	0	0	2014.0		False	False
emotion-videos	05	003	6	0	0	3021.0		False	False
emotion-videos	05	004	6	0	0	3021.0		False	False
emotion-videos	05	005	8	0	0	4028.0		False	False
emotion-videos	05	006	8	0	0	4028.0		False	False
emotion-videos	06	001	6	0	0	3021.0		False	False
emotion-videos	06	002	6	0	0	3021.0		False	False
emotion-videos	06	003	6	0	0	3021.0		False	False
emotion-videos	06	004	6	0	0	3021.0		False	False
emotion-videos	06	005	6	0	0	3021.0		False	False
emotion-videos	06	006	6	0	0	3021.0		False	False
floc	01	001	2	2	2	461.9	451.46999999999997	False	True
floc	01	002	2	2	2	461.9	432.09999999999997	False	True
floc	01	003	2	2	2	461.9	399.32	False	True
floc	01	004	2	2	2	461.9	384.41999999999996	False	True
floc	01	005	2	2	2	461.9	430.60999999999996	False	True
floc	01	006	2	2	2	461.9	435.08	False	True
floc	02	001	2	0	0	461.9	353.13	False	True
floc	02	003	2	2	2	461.9	345.67999999999995	False	True
floc	02	004	2	2	2	461.9	345.67999999999995	False	True
floc	02	005	2	2	2	461.9	369.52	False	True
floc	02	006	2	2	2	461.9	344.19	False	True
floc	02	007	2	2	2	461.9	338.22999999999996	False	True
floc	03	001	2	0	0	479.78	478.28999999999996	False	True
floc	03	002	2	2	2	461.9	460.40999999999997	False	True
floc	03	003	2	2	2	461.9	461.9	False	True
floc	03	004	2	2	2	461.9	458.91999999999996	False	True
floc	03	005	2	2	2	461.9	458.91999999999996	False	True
floc	03	006	2	2	2	461.9	460.40999999999997	False	True
friends	01	001	4	4	4	2842.92	2804.1800000000003	True	True
friends	01	002	4	4	4	2893.58	2769.9100000000003	True	True
friends	01	003	4	4	4	3218.4	2980.0	True	True
friends	01	004	6	6	6	4282.26	3841.2200000000003	True	True
friends	01	005	4	4	4	2899.54	2372.08	True	True
friends	01	006	6	6	6	4262.89	3719.0400000000004	True	True
friends	01	007	6	6	6	4300.139999999999	3553.6500000000005	True	True
friends	01	008	4	4	4	2851.8599999999997	2687.96	True	True
friends	01	009	6	6	6	4204.78	3917.2099999999996	True	True
friends	01	010	6	6	6	4332.92	3881.4500000000003	True	True
friends	01	011	8	8	8	5432.54	4995.970000000001	True	True
friends	01	012	4	4	4	2968.08	2535.98	True	True
friends	01	013	6	6	6	4139.22	3571.53	True	True
friends	01	014	6	6	6	4362.72	3866.55	True	True
friends	01	015	4	4	4	2801.2	2294.6000000000004	True	True
friends	01	016	4	4	4	2881.66	2686.4700000000003	True	True
friends	01	017	10	10	10	6883.8	6167.110000000001	True	True
friends	01	018	4	4	4	2756.5	2518.0999999999995	True	True
friends	01	019	6	6	6	4231.6	3871.0200000000004	True	True
friends	01	020	6	6	6	4252.46	3750.33	True	True
friends	01	021	6	6	6	4231.6	3641.5600000000004	True	True
friends	01	022	6	6	6	4087.0699999999997	3526.83	True	True
friends	01	023	4	4	4	2775.87	2366.12	True	True
friends	01	024	6	6	6	4110.91	3751.8199999999997	True	True
friends	01	025	6	6	6	4174.98	3604.3100000000004	True	True
friends	01	026	4	4	4	2750.54	2310.99	True	True
friends	01	027	10	10	10	7000.02	6173.070000000001	True	True
friends	01	028	10	10	10	6946.38	6333.989999999999	True	True
friends	01	029	8	8	8	5590.48	5226.919999999999	True	True
friends	01	030	6	6	6	4055.7799999999997	3657.95	True	True
friends	01	031	6	6	6	4198.82	3497.0300000000007	True	True
friends	01	032	4	4	4	2643.26	2027.8900000000003	True	True
friends	01	033	2	2	2	1332.06	1209.8799999999999	False	True
friends	01	034	4	4	4	2702.8599999999997	2525.5499999999997	True	True
friends	01	035	4	4	4	3005.33	2641.77	True	True
friends	01	036	4	4	4	2889.1099999999997	2716.27	True	True
friends	01	037	4	4	4	2875.7	2585.1499999999996	True	True
friends	01	041	4	4	4	2918.91	2757.99	True	True
friends	01	042	2	2	2	1418.48	1260.54	False	True
friends	01	043	2	2	2	1379.74	1238.19	False	True
friends	01	044	4	4	4	2801.2	2589.62	True	True
friends	01	045	4	4	4	2848.88	2474.8900000000003	True	True
friends	01	046	4	4	4	2920.3999999999996	2604.5199999999995	True	True
friends	01	047	4	4	4	2866.76	2445.09	True	True
friends	01	048	4	4	4	2941.26	2600.0499999999997	True	True
friends	01	049	4	4	4	2789.2799999999997	2378.04	True	True
friends	01	050	4	4	4	2765.44	2535.98	True	True
friends	01	051	2	2	2	1358.88	1296.3000000000002	False	True
friends	01	052	4	4	4	2845.9	2725.2099999999996	True	True
friends	01	053	5	5	5	3413.59	3099.2000000000003	True	True
friends	01	054	3	3	3	2103.88	1941.47	True	True
friends	01	055	4	4	4	2749.05	2544.92	True	True
friends	01	056	5	5	5	3601.33	3197.5400000000004	True	True
friends	01	057	5	5	5	3485.1099999999997	3197.5399999999995	True	True
friends	01	058	4	4	4	2875.7	2565.7799999999997	True	True
friends	01	059	1	1	1	679.4399999999999	643.68	False	True
friends	01	060	2	2	2	1370.8	1221.8	False	True
friends	01	061	3	3	3	2056.2	1899.7500000000002	True	True
friends	01	062	4	4	4	2692.43	2354.2	True	True
friends	01	063	3	3	3	2020.44	1881.8700000000001	True	True
friends	01	064	3	3	3	2133.68	1777.5699999999997	False	True
friends	01	065	3	3	3	2179.87	1969.78	True	True
friends	01	066	3	3	3	2103.88	1971.2700000000002	True	True
friends	01	067	2	0	2	1421.46		False	False
friends	01	068	1	0	1	733.08		False	False
friends	01	069	1	0	1	783.74		False	False
friends	01	070	1	0	1	621.33		False	False
friends	01	071	2	0	2	1339.51		False	False
friends	01	072	1	0	1	718.18		False	False
friends	01	073	1	0	1	676.46		False	False
friends	01	074	1	0	1	727.12		False	False
friends	01	075	2	0	2	1476.5900000000001		False	False
friends	01	076	2	0	2	1460.1999999999998		False	False
friends	01	077	1	0	1	706.26		False	False
friends	01	078	1	0	1	758.41		False	False
friends	01	079	2	0	2	1391.6599999999999		False	False
friends	01	080	5	0	5	3525.34		False	False
friends	01	081	2	0	2	1527.25		False	False
friends	01	082	2	0	2	1549.6		False	False
friends	01	083	2	0	2	1588.3400000000001		False	False
friends	01	084	2	0	2	1487.02		False	False
friends	01	085	2	0	2	1242.6599999999999		False	False
friends	01	086	1	0	1	645.17		False	False
friends	01	087	2	0	2	1406.56		False	False
friends	01	088	3	0	3	2114.31		False	False
friends	01	089	2	0	2	1403.58		False	False
friends	01	090	4	0	4	2784.81		False	False
friends	01	091	4	0	4	2924.87		False	False
friends	02	001	6	6	6	4341.86	3482.1300000000006	True	True
friends	02	002	4	4	4	2848.88	2498.73	True	True
friends	02	003	6	6	6	4651.780000000001	3708.6099999999997	True	True
friends	02	004	6	6	6	4294.18	3295.88	True	True
friends	02	005	4	4	4	2799.71	2302.05	True	True
friends	02	006	6	6	6	4323.98	3254.16	True	True
friends	02	007	4	4	4	2920.3999999999996	2439.1299999999997	True	True
friends	02	008	6	6	6	4163.0599999999995	2808.6499999999996	True	True
friends	02	009	6	6	6	4323.98	3769.7000000000007	True	True
friends	02	010	6	6	6	4145.18	3428.4900000000002	True	True
friends	02	011	6	6	6	4198.82	3342.0699999999997	True	True
friends	02	012	6	6	6	4189.88	3280.98	True	True
friends	02	013	8	8	8	5790.14	4788.86	True	True
friends	02	014	4	4	4	2801.2	2254.3700000000003	True	True
friends	02	015	6	6	6	4252.46	3458.29	True	True
friends	02	016	4	4	4	2762.46	2428.7	True	True
friends	02	017	8	8	8	5507.04	4379.11	True	True
friends	02	018	8	8	8	5641.14	4768.0	True	True
friends	02	019	6	6	6	4234.58	3243.73	True	True
friends	02	020	6	6	6	4183.92	3033.6400000000003	True	True
friends	02	021	2	2	2	1360.37	922.31	False	True
friends	02	022	6	6	6	4158.59	2755.01	True	True
friends	02	023	6	6	6	4110.91	3009.8	True	True
friends	02	024	6	6	6	4174.98	2704.3500000000004	True	True
friends	02	025	6	6	6	4151.139999999999	2920.4000000000005	True	True
friends	02	026	6	6	6	4174.9800000000005	2962.120000000001	True	True
friends	02	027	6	6	6	4100.48	2912.9500000000007	True	True
friends	02	028	4	4	4	2789.2799999999997	1951.8999999999996	True	True
friends	02	029	6	6	6	4294.18	2926.3600000000006	True	True
friends	02	030	6	6	6	4166.04	2719.25	True	True
friends	02	031	6	6	6	3990.22	2568.7599999999998	True	True
friends	02	032	6	6	6	4216.7	2345.2599999999998	True	True
friends	02	033	12	12	12	8342.51	4984.049999999998	True	True
friends	02	034	6	6	6	4256.93	2436.1500000000005	True	True
friends	02	035	6	6	6	4426.79	2276.72	True	True
friends	02	036	6	6	6	4207.76	2719.25	True	True
friends	02	037	4	4	4	2862.29	2054.7099999999996	True	True
friends	02	038	4	4	4	2799.71	1916.1399999999999	True	True
friends	02	039	2	2	2	1498.94	1305.24	False	True
friends	02	040	6	6	6	4264.38	3371.87	True	True
friends	02	041	6	6	6	4332.92	3151.3500000000004	True	True
friends	02	042	4	4	4	2765.44	1847.6	True	True
friends	02	043	4	4	4	2768.42	1963.8200000000002	True	True
friends	02	046	4	4	4	2836.96	2449.56	True	True
friends	02	047	4	4	4	2719.25	2007.03	True	True
friends	02	048	4	4	4	2769.91	2029.3799999999999	True	True
friends	02	049	4	4	4	2732.66	2205.2	True	True
friends	02	050	4	4	4	2990.4300000000003	2285.6600000000003	True	True
friends	02	051	4	4	4	2740.1099999999997	2150.0699999999997	True	True
friends	02	052	2	2	2	1451.26	1110.05	False	True
friends	02	053	2	2	2	1424.44	992.34	False	True
friends	02	054	4	4	4	2780.34	1956.3699999999997	True	True
friends	02	055	4	4	4	2674.55	2057.69	True	True
friends	02	056	4	4	4	2679.02	2327.38	True	True
friends	02	057	4	4	4	2819.08	2370.59	True	True
friends	02	058	6	6	6	4283.75	3379.32	True	True
friends	02	059	5	0	5	3559.61		False	False
friends	02	060	5	0	5	3409.12		False	False
friends	02	061	2	0	2	1476.5900000000001		False	False
friends	02	062	3	0	3	2166.46		False	False
friends	02	064	1	0	1	758.41		False	False
friends	02	065	2	0	2	1391.6599999999999		False	False
friends	02	066	2	0	2	1418.48		False	False
friends	02	067	2	0	2	1433.38		False	False
friends	02	068	2	0	2	1397.62		False	False
friends	02	069	2	0	2	1658.37		False	False
friends	02	070	2	0	2	1439.3400000000001		False	False
friends	02	071	2	0	2	1737.3400000000001		False	False
friends	02	072	3	0	3	1835.6799999999998		False	False
friends	02	073	3	0	3	2051.73		False	False
friends	02	074	2	0	2	1412.52		False	False
friends	02	076	2	0	2	1378.25		False	False
friends	02	077	3	0	3	2057.69		False	False
friends	02	078	3	0	3	2169.44		False	False
friends	02	079	3	0	3	2209.67		False	False
friends	03	001	4	4	4	2842.92	2817.59	True	True
friends	03	002	4	4	4	2893.58	2868.2500000000005	True	True
friends	03	003	4	4	4	3218.4	3194.56	True	True
friends	03	004	4	4	4	2887.62	2810.14	True	True
friends	03	005	4	4	4	2872.7200000000003	2814.61	True	True
friends	03	006	4	4	4	2826.5299999999997	2747.56	True	True
friends	03	007	4	4	4	2857.82	2813.1200000000003	True	True
friends	03	008	4	4	4	2860.8	2693.92	True	True
friends	03	009	4	4	4	2920.3999999999996	2775.8699999999994	True	True
friends	03	010	4	4	4	2741.6	2674.5499999999997	True	True
friends	03	011	4	4	4	2833.98	2775.8700000000003	True	True
friends	03	012	4	4	4	2911.46	2898.05	True	True
friends	03	013	4	4	4	2845.9	2789.28	True	True
friends	03	014	4	4	4	2762.46	2750.54	True	True
friends	03	015	4	4	4	2735.6400000000003	2726.7000000000003	True	True
friends	03	016	4	4	4	2711.8	2698.3900000000003	True	True
friends	03	017	4	4	4	2881.66	2842.92	True	True
friends	03	018	2	2	2	1454.24	1443.81	False	True
friends	03	019	2	2	2	1454.24	1445.3	False	True
friends	03	020	4	4	4	2801.2	2760.9700000000003	True	True
friends	03	021	4	4	4	2881.66	2854.84	True	True
friends	03	022	2	2	2	1370.8	1370.8	False	True
friends	03	023	4	4	4	2762.46	2753.52	True	True
friends	03	024	4	4	4	2750.54	2729.68	True	True
friends	03	025	4	4	4	2756.5	2707.3299999999995	True	True
friends	03	026	2	2	2	1478.08	1461.6899999999998	False	True
friends	03	027	2	2	2	1463.18	1455.73	False	True
friends	03	028	4	4	4	2768.42	2747.56	True	True
friends	03	029	4	4	4	2851.8599999999997	2841.43	True	True
friends	03	030	4	4	4	2792.26	2784.81	True	True
friends	03	031	4	4	4	2839.94	2831.0	True	True
friends	03	032	4	4	4	2704.35	2676.04	True	True
friends	03	033	4	4	4	2793.75	2771.4	True	True
friends	03	034	4	4	4	2729.68	2689.45	True	True
friends	03	035	6	6	6	4143.6900000000005	4055.7800000000007	True	True
friends	03	036	4	4	4	2777.36	2711.8	True	True
friends	03	037	4	4	4	2750.54	2714.7799999999997	True	True
friends	03	038	4	4	4	2753.52	2652.2	True	True
friends	03	039	4	4	4	2822.0600000000004	2740.1100000000006	True	True
friends	03	040	4	4	4	2750.54	2708.82	True	True
friends	03	041	4	4	4	2753.52	2732.66	True	True
friends	03	042	4	4	4	2866.76	2807.1600000000003	True	True
friends	03	043	4	4	4	2813.12	2768.4200000000005	True	True
friends	03	044	4	4	4	2777.3599999999997	2722.23	True	True
friends	03	045	4	4	4	2723.7200000000003	2653.6899999999996	True	True
friends	03	046	4	4	4	2655.18	2600.0499999999997	True	True
friends	03	047	4	4	4	2875.7	2796.73	True	True
friends	03	048	4	4	4	2643.26	2626.8700000000003	True	True
friends	03	049	4	4	4	2667.1	2562.7999999999997	True	True
friends	03	050	2	2	2	1367.82	1366.33	False	True
friends	03	052	4	4	4	3005.33	2918.91	True	True
friends	03	053	4	4	4	2889.1099999999997	2813.1200000000003	True	True
friends	03	054	4	4	4	2875.7	2805.6699999999996	True	True
friends	03	055	4	4	4	2918.91	2851.8599999999997	True	True
friends	03	056	4	4	4	2798.2200000000003	2760.9700000000003	True	True
friends	03	057	4	4	4	2801.2	2759.48	True	True
friends	03	058	2	2	2	1470.63	1457.22	False	True
friends	03	059	2	2	2	1378.25	1369.31	False	True
friends	03	060	4	4	4	2920.3999999999996	2883.1499999999996	True	True
friends	03	061	4	4	4	2866.76	2807.1600000000003	True	True
friends	03	062	4	4	4	2941.26	2905.4999999999995	True	True
friends	03	063	2	2	2	1379.74	1376.76	False	True
friends	03	065	1	1	1	730.1	727.12	False	True
friends	03	066	4	4	4	2765.44	2717.76	True	True
friends	03	067	4	4	4	2768.42	2757.9900000000002	True	True
friends	03	070	4	4	4	2836.96	2814.61	True	True
friends	03	071	4	4	4	2755.01	2680.51	True	True
friends	03	072	4	4	4	2769.91	2635.81	True	True
friends	03	074	4	4	4	2732.66	2699.8799999999997	True	True
friends	03	075	4	4	4	2990.4300000000003	2908.4800000000005	True	True
friends	03	076	4	4	4	2740.1099999999997	2716.2699999999995	True	True
friends	03	077	4	4	4	2875.7	2862.29	True	True
friends	03	078	5	5	5	3418.06	3383.7899999999995	True	True
friends	03	079	4	4	4	2683.49	2628.3599999999997	True	True
friends	03	080	5	5	5	3453.8199999999997	3367.4	True	True
friends	03	081	3	3	3	2121.76	2087.49	True	True
friends	03	082	2	2	2	1455.73	1422.95	False	True
friends	03	083	3	3	3	2103.88	1905.71	True	True
friends	03	084	5	0	5	3559.61		False	False
friends	03	085	4	0	4	2734.15		False	False
friends	03	086	5	0	5	3663.91		False	False
friends	03	087	4	0	4	2856.33		False	False
friends	03	088	1	0	1	683.91		False	False
friends	03	089	2	0	2	1425.93		False	False
friends	03	090	1	0	1	742.02		False	False
friends	03	091	1	0	1	673.48		False	False
friends	03	093	1	0	1	724.14		False	False
friends	03	094	1	0	1	803.11		False	False
friends	03	095	2	0	2	1549.6		False	False
friends	03	096	1	0	1	745.0		False	False
friends	03	097	1	0	1	843.34		False	False
friends	03	098	2	0	2	1487.02		False	False
friends	03	099	4	0	4	2583.66		False	False
friends	03	100	2	0	2	1472.12		False	False
friends	03	101	2	0	2	1352.92		False	False
friends	03	102	5	0	5	3435.94		False	False
friends	03	103	2	0	2	1467.65		False	False
friends	03	104	3	0	3	2209.67		False	False
friends	04	001	2	2	2	1436.36	1436.36	False	True
friends	04	003	4	4	4	2905.5	2896.56	True	True
friends	04	004	6	6	6	4613.04	4522.15	True	True
friends	04	005	4	4	4	2887.62	2755.0099999999998	True	True
friends	04	006	4	4	4	2872.7200000000003	2831.0000000000005	True	True
friends	04	007	4	4	4	2826.5299999999997	2783.3199999999997	True	True
friends	04	008	4	4	4	2884.6400000000003	2802.69	True	True
friends	04	009	6	6	6	4359.74	4321.0	True	True
friends	04	010	6	6	6	4163.0599999999995	4081.1099999999997	True	True
friends	04	011	6	6	6	4323.98	4222.660000000001	True	True
friends	04	012	2	2	2	1421.46	1357.39	False	True
friends	04	013	4	4	4	2723.7200000000003	2652.2000000000003	True	True
friends	04	014	8	8	8	5676.9	5627.73	True	True
friends	04	015	6	6	6	4139.22	3999.1600000000003	True	True
friends	04	016	4	4	4	2908.48	2862.29	True	True
friends	04	017	6	6	6	4255.4400000000005	4209.250000000001	True	True
friends	04	018	6	6	6	4252.46	4154.12	True	True
friends	04	019	6	6	6	4163.0599999999995	3996.1800000000003	True	True
friends	04	020	4	4	4	2708.8199999999997	2693.92	True	True
friends	04	021	2	2	2	1397.62	1393.1499999999999	False	True
friends	04	022	2	2	2	1394.64	1394.64	False	True
friends	04	023	4	4	4	2878.6800000000003	2820.57	True	True
friends	04	024	6	6	6	4204.78	3991.7099999999996	True	True
friends	04	025	4	4	4	2792.26	2749.0499999999997	True	True
friends	04	026	4	4	4	2839.94	2530.02	True	True
friends	04	027	4	4	4	2704.35	2686.47	True	True
friends	04	028	6	6	6	4158.59	4040.88	True	True
friends	04	029	4	4	4	2759.48	2755.01	True	True
friends	04	030	6	6	6	4143.6900000000005	3879.9599999999996	True	True
friends	04	031	4	4	4	2753.52	2720.74	True	True
friends	04	032	10	10	10	6955.32	6281.84	True	True
friends	04	033	6	6	6	4100.48	3672.8500000000004	True	True
friends	04	034	6	6	6	4270.34	4163.0599999999995	True	True
friends	04	035	4	4	4	2813.12	2614.9500000000003	True	True
friends	04	036	6	6	6	4166.04	4081.11	True	True
friends	04	037	4	4	4	2667.1	2600.0499999999997	True	True
friends	04	038	6	6	6	4198.82	4057.2700000000004	True	True
friends	04	039	4	4	4	2643.26	2361.65	True	True
friends	04	040	4	4	4	2667.1	2637.2999999999997	True	True
friends	04	041	2	2	0	1367.82	1367.82	False	True
friends	04	042	4	4	4	3005.33	2872.72	True	True
friends	04	043	4	4	4	2889.1099999999997	2638.79	True	True
friends	05	001	2	2	2	1436.36	1436.36	False	True
friends	05	002	8	8	8	6082.18	4800.780000000001	True	True
friends	05	003	10	10	10	7117.73	5319.299999999999	True	True
friends	05	004	10	10	10	7157.96	5737.990000000001	True	True
friends	05	005	8	8	8	5644.12	4106.44	True	True
friends	05	006	8	8	8	5745.4400000000005	4547.48	True	True
friends	05	007	10	10	10	6922.54	5313.340000000001	True	True
friends	05	008	12	12	12	8525.78	6682.650000000001	True	True
friends	05	009	12	12	12	8507.9	7166.9	True	True
friends	05	010	4	4	4	2762.46	2269.27	True	True
friends	05	011	8	8	8	5507.04	4459.57	True	True
friends	05	012	4	4	4	2905.5	2707.33	True	True
friends	05	013	10	10	10	7083.46	5088.35	True	True
friends	05	014	12	12	12	8336.55	5386.350000000001	True	True
friends	05	015	4	4	4	2793.75	2310.99	True	True
friends	05	016	4	4	4	2729.68	1868.4599999999998	True	True
friends	05	017	12	12	12	8291.85	5432.539999999999	True	True
friends	05	018	4	4	4	2780.34	2103.88	True	True
friends	05	019	4	4	4	2780.34	2196.26	True	True
friends	05	020	2	2	2	1424.44	986.3800000000001	False	True
friends	05	021	2	2	2	1326.1	1001.28	False	True
friends	05	022	10	10	10	7119.22	4906.5700000000015	True	True
friends	05	023	4	4	4	2652.2	2172.42	True	True
friends	05	024	5	5	5	3495.54	2556.84	True	True
friends	05	025	10	10	10	6871.88	4791.839999999999	True	True
friends	05	026	12	12	12	8342.51	6205.8499999999985	True	True
friends	05	027	12	12	12	8683.72	7050.679999999999	True	True
friends	05	030	4	4	4	2798.2200000000003	1825.2500000000002	True	True
friends	05	031	6	6	6	4271.83	2978.51	True	True
friends	05	032	6	6	6	4298.65	3371.87	True	True
friends	05	033	4	4	4	2866.76	2281.19	True	True
friends	05	034	6	6	6	4321.0	3057.48	True	True
friends	05	035	6	6	6	4174.98	3394.2199999999993	True	True
friends	05	036	4	4	4	2768.42	2206.69	True	True
friends	05	037	2	2	2	1436.3600000000001	1220.3100000000002	False	True
friends	05	038	4	4	4	2759.48	2310.99	True	True
friends	05	039	6	6	6	4130.28	3403.16	True	True
friends	05	040	6	6	6	4283.75	3467.23	True	True
friends	05	041	4	4	4	2831.0	2483.83	True	True
friends	05	042	6	6	6	4224.15	3714.5699999999997	True	True
friends	05	043	6	6	6	4106.44	3082.8099999999995	True	True
friends	05	044	6	6	6	4027.47	3300.35	True	True
friends	05	045	6	6	6	4318.0199999999995	3693.7099999999996	True	True
friends	05	046	4	4	4	2784.81	2425.72	True	True
friends	05	047	5	0	5	3559.61		False	False
friends	05	048	2	0	2	1421.46		False	False
friends	05	049	2	0	2	1339.51		False	False
friends	05	050	6	0	6	4359.74		False	False
friends	05	051	5	0	5	3573.02		False	False
friends	05	052	2	0	2	1397.62		False	False
friends	05	053	4	0	4	3097.71		False	False
friends	05	054	3	0	3	2330.36		False	False
friends	05	055	3	0	3	1887.83		False	False
friends	05	056	5	0	5	3520.87		False	False
friends	05	057	10	0	10	7113.26		False	False
friends	06	001	10	10	10	7190.74	4814.19	True	True
friends	06	002	8	8	8	6046.42	4495.33	True	True
friends	06	003	10	10	10	7160.9400000000005	5717.130000000001	True	True
friends	06	004	8	8	8	5781.2	3593.8799999999997	True	True
friends	06	005	11	11	11	7719.69	4273.320000000001	True	True
friends	06	006	9	9	9	6265.45	3997.6699999999996	True	True
friends	06	007	12	12	12	8463.2	6834.629999999999	True	True
friends	06	008	4	4	4	2908.48	2524.06	True	True
friends	06	009	6	6	6	4255.4400000000005	2635.8100000000004	True	True
friends	06	010	8	8	8	5676.9	4043.8599999999997	True	True
friends	06	011	4	4	4	2738.62	1691.1499999999999	False	True
friends	06	012	6	6	6	4106.44	2713.2900000000004	True	True
friends	06	013	8	8	8	5641.14	3581.9600000000005	True	True
friends	06	014	6	6	6	4234.58	3064.93	True	True
friends	06	015	6	6	6	4183.92	3070.8900000000003	True	True
friends	06	016	6	6	6	4154.12	3261.6100000000006	True	True
friends	06	018	4	4	4	2729.68	1777.5699999999997	False	True
friends	06	019	6	6	6	4143.6900000000005	2871.2300000000005	True	True
friends	06	020	12	12	12	8281.42	5462.34	True	True
friends	06	021	10	10	10	6922.54	5133.050000000001	True	True
friends	06	022	2	2	2	1403.58	920.8199999999999	False	True
friends	06	023	12	12	12	8457.24	6220.75	True	True
friends	06	024	10	10	10	6830.16	4496.82	True	True
friends	06	025	6	6	6	4067.7	3081.32	True	True
friends	06	026	6	6	6	4034.92	2543.4299999999994	True	True
friends	06	027	4	4	4	3005.33	1762.6699999999998	False	True
friends	06	028	6	6	6	4256.93	2197.7500000000005	True	True
friends	06	029	4	4	4	3008.31	2495.75	True	True
friends	06	030	6	6	6	4216.7	3154.33	True	True
friends	06	031	4	4	4	2801.2	1825.2499999999998	True	True
friends	06	032	2	2	2	1470.63	904.4300000000001	False	True
friends	06	033	6	6	6	4298.65	2981.49	True	True
friends	06	034	2	2	2	1370.8000000000002	959.5600000000002	False	True
friends	06	035	4	4	4	2893.58	2524.06	True	True
friends	06	036	2	2	2	1543.6399999999999	1072.8	False	True
friends	06	037	4	4	4	2789.2799999999997	1916.1399999999999	True	True
friends	06	038	4	4	4	2765.44	2476.38	True	True
friends	06	039	4	4	4	2768.42	2544.92	True	True
friends	06	042	4	4	4	2836.96	2069.61	True	True
friends	06	043	4	4	4	2719.25	1929.55	True	True
friends	06	044	4	4	4	2769.91	2288.64	True	True
friends	06	045	4	4	4	2732.66	1539.1699999999998	False	True
friends	06	046	4	4	4	2990.4300000000003	2145.6000000000004	True	True
friends	06	047	4	4	4	2740.1099999999997	1807.3699999999997	True	True
friends	06	048	4	4	4	2875.7	2595.58	True	True
friends	06	049	6	6	6	4106.44	3285.45	True	True
friends	06	050	2	2	2	1348.4499999999998	1116.0099999999998	False	True
friends	06	051	5	5	5	3364.42	2483.83	True	True
friends	06	052	3	3	3	2133.68	1396.1299999999999	False	True
friends	06	053	2	2	2	1498.94	1065.3500000000001	False	True
friends	06	054	3	3	3	2054.71	1375.27	False	True
friends	06	055	1	1	1	730.1	396.34000000000003	False	True
friends	06	056	4	0	4	2848.88		False	False
friends	06	057	4	0	4	2588.13		False	False
friends	06	058	4	0	4	2880.17		False	False
friends	06	059	5	0	5	2935.2999999999997		False	False
friends	06	060	7	0	7	4917.0		False	False
friends	06	061	3	0	3	2382.51		False	False
friends	06	062	1	0	1	694.34		False	False
friends	06	063	6	0	6	4318.02		False	False
friends	06	064	1	0	1	645.17		False	False
friends	06	065	5	0	5	3520.87		False	False
friends	06	066	2	0	2	1403.58		False	False
friends	06	067	2	0	2	1330.5700000000002		False	False
friends	06	068	2	0	2	1454.24		False	False
friends	06	069	1	0	1	715.2		False	False
friends	06	070	3	0	3	2209.67		False	False
gamepad	01	001	2	2	2	616.86	561.73	False	True
gamepad	01	004	2	2	2	616.86	606.4300000000001	False	True
gamepad	01	006	2	2	2	616.86	546.83	False	True
gamepad	01	007	2	2	2	616.86	558.75	False	True
gamepad	01	009	2	2	2	616.86	466.37	False	True
gamepad	02	002	2	2	2	616.86	402.3	False	True
gamepad	02	003	2	2	2	616.86	439.55	False	True
gamepad	02	005	2	2	2	616.86	511.07	False	True
gamepad	02	008	2	2	2	616.86	478.29	False	True
gamepad	03	003	2	2	2	616.86	615.37	False	True
gamepad	03	005	2	2	2	616.86	616.86	False	True
gamepad	03	008	2	2	2	616.86	613.88	False	True
gamepad	03	010	2	2	2	616.86	616.86	False	True
gamepad	06	002	2	2	2	616.86	435.08000000000004	False	True
gamepad	06	003	2	2	2	616.86	463.39	False	True
gamepad	06	006	2	2	2	616.86	388.89	False	True
gamepad	06	007	2	2	2	616.86	376.97	False	True
harrypotter	01		7	7	7	5010.87		False	False
harrypotter	02		7	7	7	5010.87		False	False
harrypotter	03		7	7	7	5010.87		False	False
harrypotter	05		7	7	7	5010.87		False	False
harrypotter	06		7	7	7	5010.87		False	False
hcptrt	01	001	5	5	5	1808.8600000000001	1671.78	False	True
hcptrt	01	002	14	14	14	2932.32	2889.11	True	True
hcptrt	01	003	8	8	8	2360.16	2160.5	True	True
hcptrt	01	004	8	8	8	2384.0	2193.28	True	True
hcptrt	01	005	14	14	14	2932.32	2710.3100000000004	True	True
hcptrt	01	006	14	14	14	2932.32	2847.3900000000003	True	True
hcptrt	01	007	8	8	8	2360.16	2156.0299999999997	True	True
hcptrt	01	008	14	14	14	2932.32	2872.7200000000003	True	True
hcptrt	01	009	8	8	8	2360.16	2318.44	True	True
hcptrt	01	010	14	14	14	2932.32	2795.2400000000002	True	True
hcptrt	02	001	8	8	8	2360.16	1855.0499999999997	True	True
hcptrt	02	002	14	14	14	2932.32	2163.48	True	True
hcptrt	02	003	8	8	8	2360.16	1709.0299999999997	False	True
hcptrt	02	004	14	14	14	2932.32	2337.8100000000004	True	True
hcptrt	02	005	8	8	8	2360.16	1744.79	False	True
hcptrt	02	006	14	14	14	2932.32	2473.4	True	True
hcptrt	02	007	8	8	8	2360.16	1747.77	False	True
hcptrt	02	008	14	14	14	2932.32	2464.46	True	True
hcptrt	02	009	8	8	8	2360.16	1679.23	False	True
hcptrt	02	010	14	14	14	2932.32	2167.9500000000003	True	True
hcptrt	03	001	14	14	14	2932.32	2912.9500000000003	True	True
hcptrt	03	002	8	8	8	2360.16	2355.69	True	True
hcptrt	03	003	12	12	12	2330.36	2297.58	True	True
hcptrt	03	004	8	8	8	2360.16	2349.73	True	True
hcptrt	03	005	8	8	8	2360.16	2348.24	True	True
hcptrt	03	006	14	14	14	2932.32	2921.8900000000003	True	True
hcptrt	03	007	8	8	8	2360.16	2346.75	True	True
hcptrt	03	008	14	14	14	2932.32	2909.9700000000003	True	True
hcptrt	03	009	14	14	14	2932.32	2902.52	True	True
hcptrt	03	010	8	8	8	2360.16	2345.2599999999998	True	True
hcptrt	03	011	2	2	2	601.96	600.47	False	True
hcptrt	04	001	8	8	8	2360.16	2294.6	True	True
hcptrt	04	002	7	7	7	1466.16	1452.7499999999998	False	True
hcptrt	04	003	8	8	8	2360.16	2300.56	True	True
hcptrt	04	005	14	14	14	2932.32	2920.4	True	True
hcptrt	04	006	8	8	8	2360.16	2328.87	True	True
hcptrt	04	007	14	14	14	2932.32	2911.46	True	True
hcptrt	04	008	8	8	8	2360.16	2291.62	True	True
hcptrt	04	009	14	14	14	2932.32	2747.5600000000004	True	True
hcptrt	04	010	8	8	8	2360.16	1995.11	True	True
hcptrt	04	011	14	14	14	2932.32	2309.5	True	True
hcptrt	05	001	14	14	14	2932.32	2711.8	True	True
hcptrt	05	002	8	8	8	2360.16	1956.37	True	True
hcptrt	05	003	8	8	8	2360.16	2014.4799999999998	True	True
hcptrt	05	004	14	14	14	2932.32	2622.4	True	True
hcptrt	05	005	14	14	14	2932.32	2515.1200000000003	True	True
hcptrt	05	006	8	8	8	2360.16	1998.09	True	True
hcptrt	05	008	14	14	14	2932.32	2623.8900000000003	True	True
hcptrt	05	009	8	8	8	2360.16	1980.2099999999998	True	True
hcptrt	05	010	14	14	14	2932.32	2555.3500000000004	True	True
hcptrt	06	001	5	5	5	1783.53	899.9599999999999	False	True
hcptrt	06	002	14	14	14	2932.32	1841.64	True	True
hcptrt	06	003	13	13	13	2725.21	1478.0800000000002	False	True
hcptrt	06	004	20	20	20	4878.26	3084.3	True	True
hcptrt	06	006	14	14	14	2932.32	2357.1800000000003	True	True
hcptrt	06	007	8	8	8	2360.16	1656.8799999999999	False	True
hcptrt	06	008	8	8	8	2360.16	1837.1699999999998	True	True
hcptrt	06	009	14	14	14	2932.32	2141.13	True	True
hcptrt	06	010	8	8	8	2360.16	1856.54	True	True
hcptrt	06	012	14	14	14	2932.32	2178.38	True	True
hcptrt	06	013	8	8	8	2360.16	1464.6699999999998	False	True
langlocalizer	01	001	4	4	4	1257.56	1205.4099999999999	False	True
langlocalizer	01	002	4	4	4	1257.56	1162.2	False	True
langlocalizer	01	003	4	4	4	1257.56	1193.49	False	True
langlocalizer	02	001	4	4	4	1257.56	640.6999999999999	False	True
langlocalizer	02	002	4	4	4	1257.56	652.62	False	True
langlocalizer	02	003	4	4	4	1257.56	674.9699999999999	False	True
langlocalizer	03	001	4	4	4	1267.99	1211.3700000000001	False	True
langlocalizer	03	002	4	4	4	1257.56	1135.3799999999999	False	True
langlocalizer	03	003	4	4	4	1257.56	1177.1	False	True
langlocalizer	05	001	4	4	4	1257.56	1004.26	False	True
langlocalizer	05	002	4	4	4	1257.56	1019.16	False	True
langlocalizer	05	003	4	4	4	1257.56	1105.58	False	True
mario	01	001	4	4	0	2673.06	2673.06	True	True
mario	01	002	3	3	0	1972.7600000000002	1972.7600000000002	True	True
mario	01	003	5	5	0	3261.6099999999997	3261.6099999999997	True	True
mario	01	004	4	4	0	2671.5699999999997	2671.5699999999997	True	True
mario	01	005	5	5	0	3324.19	3324.1899999999996	True	True
mario	01	006	4	4	0	2689.45	2689.4500000000003	True	True
mario	01	007	5	5	0	3352.5	3352.5	True	True
mario	01	008	5	5	0	3413.59	3413.59	True	True
mario	01	009	5	5	0	3325.68	3325.6800000000003	True	True
mario	01	010	4	4	0	2680.51	2680.51	True	True
mario	01	011	4	0	0	2598.56		False	False
mario	01	012	2	2	0	1382.7199999999998	1382.7199999999998	False	True
mario	01	013	3	3	0	1972.76	2856.33	True	True
mario	01	014	5	5	0	3383.79	3383.79	True	True
mario	01	015	5	5	0	3249.69	3249.69	True	True
mario	01	016	4	4	0	2646.24	2646.2400000000002	True	True
mario	01	017	4	4	0	2650.71	2650.71	True	True
mario	01	018	3	3	0	1908.69	1908.69	True	True
mario	01	019	2	2	0	1321.63	1321.63	False	True
mario	01	020	4	4	0	2603.0299999999997	2603.0299999999997	True	True
mario	01	021	4	4	0	2723.7200000000003	2723.7200000000003	True	True
mario	02	001	4	4	0	2759.48	2759.48	True	True
mario	02	002	5	5	0	3422.5299999999997	3422.53	True	True
mario	02	003	5	5	0	3231.81	3231.81	True	True
mario	02	004	5	5	0	3260.12	3260.12	True	True
mario	02	005	6	6	0	3899.33	3899.33	True	True
mario	02	006	4	4	0	2740.11	2740.1099999999997	True	True
mario	02	007	4	4	0	2743.09	2743.09	True	True
mario	02	008	4	4	0	2659.65	2659.65	True	True
mario	02	009	5	5	0	3321.21	3321.21	True	True
mario	02	010	5	5	0	3485.1099999999997	3485.11	True	True
mario	02	011	4	4	0	2622.4	2622.4	True	True
mario	02	012	5	5	0	3371.87	3371.8700000000003	True	True
mario	02	013	5	5	0	3453.82	3453.82	True	True
mario	02	014	5	5	0	3412.1	3412.0999999999995	True	True
mario	02	015	4	4	0	2740.11	2740.11	True	True
mario	02	016	4	4	0	2644.75	2644.75	True	True
mario	02	017	5	5	0	3525.34	3525.34	True	True
mario	02	018	4	4	0	2859.31	2859.31	True	True
mario	02	019	4	4	0	2819.08	2819.08	True	True
mario	02	020	5	5	0	3353.99	3353.9900000000002	True	True
mario	02	021	3	3	0	2054.71	2054.71	True	True
mario	02	022	3	3	0	2012.99	2012.9900000000002	True	True
mario	02	023	4	4	0	2552.37	2552.37	True	True
mario	03	001	3	3	0	2115.8	2115.8	True	True
mario	03	002	3	3	0	2099.41	2099.41	True	True
mario	03	003	5	5	0	3412.1	3412.0999999999995	True	True
mario	03	004	3	3	0	2106.86	2106.86	True	True
mario	03	005	4	4	0	2871.23	2871.2299999999996	True	True
mario	03	006	3	3	0	2008.52	2215.63	True	True
mario	03	007	3	3	0	2310.9900000000002	2310.9900000000002	True	True
mario	03	009	2	2	0	1408.0500000000002	1408.0500000000002	False	True
mario	03	010	3	3	0	2032.3600000000001	2032.3600000000001	True	True
mario	03	011	2	2	0	1385.6999999999998	1385.6999999999998	False	True
mario	03	012	2	2	0	1405.07	1405.07	False	True
mario	03	013	4	4	0	2987.45	2987.45	True	True
mario	03	014	4	4	0	2783.32	2783.3199999999997	True	True
mario	03	015	4	4	0	2804.18	2804.1800000000003	True	True
mario	03	016	2	2	0	1378.25	1378.25	False	True
mario	03	017	3	3	0	1980.21	1980.21	True	True
mario	03	018	3	3	0	1947.4299999999998	1947.4299999999998	True	True
mario	03	019	4	4	0	2668.59	2668.59	True	True
mario	03	020	4	4	0	2807.16	2807.16	True	True
mario	03	021	3	3	0	2056.2	2056.2	True	True
mario	03	022	4	4	0	2597.0699999999997	2597.0699999999997	True	True
mario	03	023	3	3	0	2093.45	2093.45	True	True
mario	03	024	2	2	0	1428.9099999999999	1428.9099999999999	False	True
mario	03	025	5	5	0	3371.87	3371.87	True	True
mario	03	026	3	3	0	2088.98	2088.98	True	True
mario	03	027	4	4	0	2601.54	2601.54	True	True
mario	03	028	4	4	0	2608.99	2608.99	True	True
mario	03	029	4	4	0	2729.68	2729.6800000000003	True	True
mario	03	030	3	3	0	2032.3600000000001	2032.3600000000001	True	True
mario	05	001	5	5	0	3580.47	3580.47	True	True
mario	05	002	3	3	0	2090.4700000000003	2090.47	True	True
mario	05	003	4	4	0	2825.04	2825.04	True	True
mario	05	004	4	4	0	2826.5299999999997	2826.53	True	True
mario	05	005	4	4	0	2778.85	2778.85	True	True
mario	05	006	4	4	0	3210.95	3210.95	True	True
mario	05	007	5	5	0	3742.88	3742.88	True	True
mario	05	008	2	2	0	1343.98	1343.98	False	True
mario	05	009	5	5	0	3321.21	3321.21	True	True
mario	05	010	5	5	0	3410.61	3410.61	True	True
mario	05	011	4	4	0	2965.1	2965.1	True	True
mario	05	012	3	3	0	1969.78	1969.78	True	True
mario	05	013	5	5	0	3611.7599999999998	3611.7599999999998	True	True
mario	05	014	5	5	0	3398.69	3398.6899999999996	True	True
mario	05	015	5	5	0	3662.42	3662.42	True	True
mario	05	016	5	5	0	3523.85	3523.85	True	True
mario	05	017	5	5	0	3516.4	3516.4	True	True
mario	05	018	5	5	0	3546.2	3546.2	True	True
mario	05	019	5	0	0	3371.87		False	False
mario	05	020	5	0	0	3607.29		False	False
mario	05	021	7	0	0	4748.63		False	False
mario	05	022	5	0	0	3480.64		False	False
mario	06	001	5	5	0	3413.59	3413.59	True	True
mario	06	002	5	5	0	3397.2	3397.2	True	True
mario	06	003	4	4	0	2877.19	2877.19	True	True
mario	06	004	5	5	0	3476.17	3476.1699999999996	True	True
mario	06	005	3	3	0	2130.7	2130.7	True	True
mario	06	006	3	3	0	2068.12	2233.5099999999998	True	True
mario	06	007	4	4	0	2832.49	2832.4900000000002	True	True
mario	06	008	3	3	0	2105.37	2105.37	True	True
mario	06	009	4	4	0	2878.68	2878.68	True	True
mario	06	010	4	4	0	2823.55	2823.55	True	True
mario	06	011	5	5	0	3446.37	3446.3699999999994	True	True
mario	06	012	5	5	0	3397.2	3397.2	True	True
mario	06	013	5	5	0	3385.2799999999997	3385.2799999999997	True	True
mario	06	014	4	4	0	2705.84	2705.84	True	True
mario	06	015	4	4	0	2813.12	2813.1200000000003	True	True
mario	06	016	4	4	0	2786.3	2786.3	True	True
mario	06	017	4	4	0	2756.5	2756.4999999999995	True	True
mario	06	018	1	1	0	718.18	718.18	False	True
mario	06	019	4	4	0	2847.39	2847.39	True	True
mario	06	020	4	4	0	2828.02	2828.0200000000004	True	True
mario	06	021	3	3	0	2066.63	2066.63	True	True
mario	06	022	4	4	0	2676.04	2676.04	True	True
mario	06	023	5	5	0	3349.52	3349.5199999999995	True	True
mario	06	024	5	5	0	3456.7999999999997	3456.8	True	True
mario	06	025	5	5	0	3215.42	3215.4199999999996	True	True
mario3	01	001	2	0	2	902.94		False	False
mario3	01	002	3	0	3	1487.02		False	False
mario3	01	003	3	0	3	1615.16		False	False
mario3	01	004	3	0	3	1837.17		False	False
mario3	01	005	2	0	2	990.85		False	False
mario3	01	006	3	0	3	1609.2		False	False
mario3	01	007	2	0	2	946.15		False	False
mario3	01	008	2	0	2	922.31		False	False
mario3	01	009	1	0	1	543.85		False	False
mario3	01	011	5	0	5	2461.48		False	False
mario3	01	012	3	0	3	1740.32		False	False
mario3	01	013	2	0	2	1017.6700000000001		False	False
mario3	01	014	3	0	3	1479.5700000000002		False	False
mario3	01	015	3	0	3	1563.01		False	False
mario3	01	016	3	0	3	1942.96		False	False
mario3	01	017	5	0	5	3024.7		False	False
mario3	01	018	3	0	3	1858.0300000000002		False	False
mario3	01	019	3	0	3	1752.24		False	False
mario3	01	020	1	0	1	540.87		False	False
mario3	01	021	4	0	4	2066.63		False	False
mario3	01	022	3	0	3	1513.84		False	False
mario3	01	023	3	0	3	1545.13		False	False
mario3	01	024	4	0	4	2072.5899999999997		False	False
mario3	01	025	3	0	3	1478.08		False	False
mario3	02	001	4	0	4	1920.6100000000001		False	False
mario3	02	002	4	0	4	1880.3799999999999		False	False
mario3	02	003	3	0	3	1419.97		False	False
mario3	02	004	3	0	3	1585.3600000000001		False	False
mario3	02	005	3	0	3	1564.5		False	False
mario3	02	006	3	0	3	1466.16		False	False
mario3	02	007	3	0	3	1481.06		False	False
mario3	02	008	4	0	4	1813.33		False	False
mario3	02	009	3	0	3	1586.85		False	False
mario3	02	010	3	0	3	1543.6399999999999		False	False
mario3	02	011	4	0	4	1984.68		False	False
mario3	02	012	4	0	4	1999.58		False	False
mario3	02	013	1	0	1	575.14		False	False
mario3	02	014	4	0	4	1935.51		False	False
mario3	02	015	4	0	4	2112.8199999999997		False	False
mario3	02	016	5	0	5	2486.81		False	False
mario3	02	017	7	0	7	3348.0299999999997		False	False
mario3	02	018	6	0	6	3322.7		False	False
mario3	02	019	6	0	6	3376.34		False	False
mario3	03	001	5	0	5	2538.96		False	False
mario3	03	002	3	0	3	1390.17		False	False
mario3	03	003	5	0	5	2413.8		False	False
mario3	03	004	3	0	3	1589.83		False	False
mario3	03	005	4	0	4	2345.26		False	False
mario3	03	006	3	0	3	1506.3899999999999		False	False
mario3	03	007	3	0	3	1561.52		False	False
mario3	03	008	4	0	4	2121.76		False	False
mario3	03	009	3	0	3	1561.52		False	False
mario3	03	010	1	0	1	606.43		False	False
mario3	03	011	4	0	4	2033.85		False	False
mario3	03	012	2	0	2	1156.24		False	False
mario3	03	013	4	0	4	1969.78		False	False
mario3	03	014	5	0	5	2391.45		False	False
mario3	03	015	4	0	4	1951.9		False	False
mario3	03	016	4	0	4	1950.4099999999999		False	False
mario3	03	017	5	0	5	2737.13		False	False
mario3	03	018	6	0	6	3030.66		False	False
mario3	03	019	5	0	5	2552.37		False	False
mario3	05	001	4	0	4	2330.36		False	False
mario3	05	002	7	0	7	4385.07		False	False
mario3	05	003	8	0	8	4116.87		False	False
mario3	05	004	6	0	6	3576.0		False	False
mario3	05	005	4	0	4	1917.63		False	False
mario3	05	006	7	0	7	3713.08		False	False
mario3	05	007	7	0	7	3578.9799999999996		False	False
mario3	05	008	6	0	6	3191.58		False	False
mario3	05	009	6	0	6	3309.29		False	False
mario3	05	010	10	0	10	5119.64		False	False
mario3	06	001	4	0	4	1880.38		False	False
mario3	06	002	4	0	4	2066.63		False	False
mario3	06	003	4	0	4	2004.05		False	False
mario3	06	004	3	0	3	1729.89		False	False
mario3	06	005	3	0	3	1998.09		False	False
mario3	06	006	3	0	3	2077.06		False	False
mario3	06	007	2	0	2	1130.91		False	False
mario3	06	008	3	0	3	1472.12		False	False
mario3	06	009	3	0	3	1524.27		False	False
mario3	06	010	3	0	3	1826.7399999999998		False	False
mario3	06	011	3	0	3	1616.6499999999999		False	False
mario3	06	012	3	0	3	1945.94		False	False
mario3	06	013	3	0	3	1540.66		False	False
mario3	06	014	3	0	3	1568.97		False	False
mario3	06	015	4	0	4	2200.73		False	False
mario3	06	016	3	0	3	1427.42		False	False
mario3	06	017	2	0	2	1034.06		False	False
mario3	06	018	3	0	3	1552.58		False	False
mariostars	01	001	4	0	4	2702.8599999999997		False	False
mariostars	01	002	4	0	4	2670.08		False	False
mariostars	01	003	5	0	5	3337.6		False	False
mariostars	01	004	5	0	5	3336.11		False	False
mariostars	01	005	3	0	3	2068.12		False	False
mariostars	01	006	4	0	4	2702.8599999999997		False	False
mariostars	01	007	2	0	2	1288.85		False	False
mariostars	02	001	3	0	3	2138.15		False	False
mariostars	02	002	4	0	4	2707.33		False	False
mariostars	02	003	3	0	3	2035.3400000000001		False	False
mariostars	02	004	3	0	3	2047.2599999999998		False	False
mariostars	02	005	2	0	2	1343.98		False	False
mariostars	02	006	2	0	2	1332.06		False	False
mariostars	02	007	3	0	3	2035.3400000000001		False	False
mariostars	02	008	3	0	3	1926.57		False	False
mariostars	02	009	2	0	2	1329.08		False	False
mariostars	02	010	2	0	2	1364.8400000000001		False	False
mariostars	02	011	3	0	3	1942.96		False	False
mariostars	02	012	2	0	2	1352.92		False	False
mariostars	03	001	5	0	5	3410.61		False	False
mariostars	03	002	2	0	2	1387.19		False	False
mariostars	03	003	1	0	1	694.34		False	False
mariostars	03	004	1	0	1	667.52		False	False
mariostars	03	005	2	0	2	1306.73		False	False
mariostars	03	006	2	0	2	1355.9		False	False
mariostars	03	007	2	0	2	1390.17		False	False
mariostars	03	008	3	0	3	1987.6599999999999		False	False
mariostars	03	009	2	0	2	1397.62		False	False
mariostars	03	010	3	0	3	1984.6799999999998		False	False
mariostars	03	011	5	0	5	3383.79		False	False
mariostars	03	012	5	0	5	3275.02		False	False
mariostars	03	013	3	0	3	2063.65		False	False
mariostars	05	001	4	0	4	2930.83		False	False
mariostars	05	002	10	0	10	7174.35		False	False
mariostars	05	003	10	0	10	7232.46		False	False
mariostars	05	004	5	0	5	3471.7		False	False
mariostars	05	005	6	0	6	3717.55		False	False
mariostars	05	006	6	0	6	4091.54		False	False
mariostars	06	001	4	0	4	2714.7799999999997		False	False
mariostars	06	002	3	0	3	1941.4699999999998		False	False
mariostars	06	003	4	0	4	2790.77		False	False
mariostars	06	004	4	0	4	2720.74		False	False
mariostars	06	005	5	0	5	3456.8		False	False
mariostars	06	007	4	0	4	2686.47		False	False
mariostars	06	009	2	0	2	1487.02		False	False
mariostars	06	010	3	0	3	2050.24		False	False
mariostars	06	011	3	0	3	1999.58		False	False
mariostars	06	012	4	0	4	2582.17		False	False
mariostars	06	013	4	0	4	2673.06		False	False
mariostars	06	014	2	0	2	1400.6		False	False
mariostars	06	015	4	0	4	2620.91		False	False
movie10	01	001	5	5	5	3017.25	2945.73	True	True
movie10	01	002	5	5	5	2984.4700000000003	2732.6600000000003	True	True
movie10	01	003	6	6	6	3629.6399999999994	3441.8999999999996	True	True
movie10	01	004	6	6	6	3629.6399999999994	3546.2	True	True
movie10	01	005	3	3	3	1814.8199999999997	1792.4699999999998	False	True
movie10	01	006	4	4	4	2556.8399999999997	2418.27	True	True
movie10	01	007	6	6	6	3647.5199999999995	3170.72	True	True
movie10	01	008	5	5	5	3054.5	2915.93	True	True
movie10	01	009	6	6	6	3613.25	3497.03	True	True
movie10	01	010	3	3	3	1793.96	1717.97	False	True
movie10	01	011	4	4	4	2443.6	2433.17	True	True
movie10	01	012	8	8	8	4820.15	4723.299999999999	True	True
movie10	02	001	4	4	4	2419.7599999999998	1765.6499999999996	False	True
movie10	02	002	7	7	7	4270.34	3364.42	True	True
movie10	02	003	6	6	6	3610.27	3136.45	True	True
movie10	02	004	5	5	5	3017.25	2382.51	True	True
movie10	02	005	5	5	5	3017.25	2267.7799999999997	True	True
movie10	02	006	6	6	6	3629.6399999999994	3032.1499999999996	True	True
movie10	02	007	6	6	6	3638.58	2366.1199999999994	True	True
movie10	02	008	5	5	5	3187.1099999999997	2345.2599999999998	True	True
movie10	02	009	5	5	5	3021.72	2142.62	True	True
movie10	02	010	5	5	5	3054.5	2552.37	True	True
movie10	02	011	4	4	4	2443.6	1807.37	True	True
movie10	02	012	3	3	3	1777.57	1400.6	False	True
movie10	03	001	5	5	5	3017.25	2862.29	True	True
movie10	03	002	5	5	5	2982.98	2920.4	True	True
movie10	03	003	6	6	6	3629.6399999999994	3371.87	True	True
movie10	03	004	6	6	6	3629.6399999999994	3492.56	True	True
movie10	03	005	5	5	5	3161.7799999999997	2918.91	True	True
movie10	03	006	5	5	5	2991.9199999999996	2930.8299999999995	True	True
movie10	03	007	6	6	6	3665.3999999999996	3272.04	True	True
movie10	03	009	3	3	3	1832.6999999999998	1783.5299999999997	False	True
movie10	03	010	3	3	3	1777.57	1673.27	False	True
movie10	03	011	5	5	5	3021.72	2997.8799999999997	True	True
movie10	03	012	6	6	6	3649.0099999999998	3543.22	True	True
movie10	03	013	6	6	6	3610.27	3507.46	True	True
movie10	04	001	3	3	3	1814.8199999999997	1814.8199999999997	True	True
movie10	04	002	6	6	6	3629.6399999999994	3626.66	True	True
movie10	04	003	5	5	5	3024.7	3024.7	True	True
movie10	04	004	6	6	6	3789.0699999999997	3778.64	True	True
movie10	04	005	5	5	5	3048.54	3039.6	True	True
movie10	04	006	5	5	5	2994.8999999999996	2959.1399999999994	True	True
movie10	04	007	6	6	6	3629.64	3571.53	True	True
movie10	04	008	6	6	6	3622.19	3546.2	True	True
movie10	04	009	7	7	7	4195.84	4082.6000000000004	True	True
movie10	04	010	6	6	6	3649.0099999999998	3628.1499999999996	True	True
movie10	04	011	4	4	4	2436.1499999999996	2379.5299999999997	True	True
movie10	04	012	2	2	2	1165.1799999999998	1156.2399999999998	False	True
movie10	05	001	5	5	5	3026.19	2111.33	True	True
movie10	05	002	5	5	5	3054.5	2389.96	True	True
movie10	05	003	7	7	7	4221.17	3686.26	True	True
movie10	05	004	3	3	3	1814.8199999999997	1713.4999999999998	False	True
movie10	05	005	9	9	9	5444.459999999999	4985.539999999999	True	True
movie10	05	007	5	5	5	3212.4399999999996	3024.7	True	True
movie10	05	008	5	5	5	3024.7	2717.7599999999998	True	True
movie10	05	009	10	10	10	6009.17	5107.719999999998	True	True
movie10	05	010	12	12	12	7275.67	6135.819999999998	True	True
movie10	06	001	5	5	5	3054.5	1744.79	False	True
movie10	06	002	6	6	6	3662.42	1978.72	True	True
movie10	06	003	6	6	6	3611.7599999999998	1714.9900000000002	False	True
movie10	06	004	2	2	2	1221.8	719.67	False	True
movie10	06	005	8	8	8	4817.17	2398.9	True	True
movie10	06	006	9	9	9	5413.17	3739.9	True	True
movie10	06	007	4	4	4	2436.1499999999996	1397.6199999999997	False	True
movie10	06	008	4	4	4	2388.47	1166.6699999999998	False	True
movie10	06	009	8	8	8	4851.44	3155.8199999999997	True	True
movie10	06	010	9	9	9	5602.4	3050.0299999999997	True	True
multfs	01	001	7	7	7	1948.92	1929.5500000000004	True	True
multfs	01	002	7	7	7	1948.92	1853.5600000000004	True	True
multfs	01	003	7	7	7	1948.92	1785.0200000000002	False	True
multfs	01	004	7	7	7	1948.92	1846.1100000000004	True	True
multfs	02	001	7	7	7	1948.92	940.1900000000003	False	True
multfs	02	002	7	7	7	1948.92	1120.4800000000005	False	True
multfs	02	003	7	7	7	1948.92	995.3200000000003	False	True
multfs	02	004	7	7	7	1948.92	993.8300000000003	False	True
multfs	02	005	7	7	7	1948.92	1044.4900000000002	False	True
multfs	02	006	7	7	7	1948.92	908.9000000000003	False	True
multfs	02	007	7	7	7	1948.92	1074.2900000000004	False	True
multfs	02	008	7	7	7	1948.92	1043.0000000000005	False	True
multfs	02	009	7	7	7	1948.92	660.0700000000004	False	True
multfs	03	001	7	7	7	1957.8600000000001	1932.5300000000004	True	True
multfs	03	002	7	7	7	1948.92	1890.8100000000004	True	True
multfs	03	003	7	7	7	1948.92	1859.5200000000002	True	True
multfs	03	004	7	7	7	1948.92	1852.0700000000004	True	True
multfs	03	005	7	7	7	1948.92	1840.1500000000003	True	True
multfs	03	006	7	7	7	1948.92	1899.7500000000002	True	True
multfs	03	007	7	7	7	1948.92	1796.9400000000003	False	True
multfs	03	008	7	7	7	1948.92	1834.1900000000003	True	True
multfs	03	009	7	7	7	1948.92	1795.4500000000003	False	True
multfs	03	010	7	7	7	1948.92	1747.7700000000002	False	True
multfs	03	011	7	7	7	1948.92	1825.2500000000002	True	True
multfs	03	012	7	7	7	1948.92	1749.2600000000002	False	True
multfs	03	013	7	7	7	1948.92	1910.1800000000003	True	True
multfs	03	014	7	7	7	1948.92	1843.1300000000003	True	True
multfs	03	015	7	7	7	1948.92	1910.1800000000003	True	True
multfs	03	016	7	7	7	1948.92	1855.0500000000002	True	True
multfs	05	001	7	7	7	1948.92	1777.5700000000004	False	True
multfs	05	002	7	7	7	1948.92	1533.2100000000003	False	True
multfs	06	001	7	7	7	1948.92	1414.0100000000002	False	True
multfs	06	002	7	7	7	1948.92	1446.7900000000004	False	True
multfs	06	003	7	7	7	1948.92	1333.5500000000002	False	True
multfs	06	004	7	7	7	1948.92	1405.0700000000002	False	True
multfs	06	006	7	7	7	1948.92	1203.9200000000003	False	True
multfs	06	007	7	7	7	1948.92	1229.2500000000005	False	True
multfs	06	008	7	7	7	1948.92	1151.7700000000004	False	True
multfs	06	009	7	7	7	1948.92	1200.9400000000003	False	True
multfs	06	010	7	7	7	1948.92	1116.0100000000002	False	True
multfs	06	011	7	7	7	1948.92	1189.0200000000004	False	True
multfs	06	012	7	7	7	1948.92	1369.3100000000004	False	True
multfs	06	013	7	7	7	1948.92	1196.4700000000003	False	True
multfs	06	014	7	7	7	1948.92	905.9200000000003	False	True
multfs	06	015	7	7	7	1948.92	992.3400000000003	False	True
multfs	06	016	7	7	7	1948.92	1135.3800000000003	False	True
mutemusic	01	001	3	3	3	2011.5	1963.82	True	True
mutemusic	01	002	3	3	3	1995.1100000000001	1974.2500000000002	True	True
mutemusic	01	003	3	3	3	2001.07	1977.2299999999998	True	True
mutemusic	01	004	3	2	3	1980.21	1282.89	False	True
mutemusic	01	005	3	3	3	1999.58	1956.37	True	True
mutemusic	01	006	3	3	3	1986.17	1956.3700000000001	True	True
mutemusic	02	001	3	3	3	1971.27	1269.48	False	True
mutemusic	02	002	6	6	6	4003.63	2051.73	True	True
mutemusic	02	003	3	3	3	1954.88	882.0799999999999	False	True
mutemusic	02	004	3	3	3	1968.29	1054.92	False	True
mutemusic	02	005	3	3	3	1986.17	813.5400000000002	False	True
mutemusic	03	001	6	5	6	3915.7200000000003	3178.1699999999996	True	True
mutemusic	03	002	6	6	6	3920.19	3808.44	True	True
mutemusic	03	003	6	6	6	3914.23	3730.9599999999996	True	True
mutemusic	05	001	3	3	3	2020.44	1449.77	False	True
mutemusic	05	002	6	4	6	4063.23	2127.7200000000003	True	True
mutemusic	05	003	3	2	3	1685.19	818.01	False	True
mutemusic	05	004	5	5	5	3044.0699999999997	2658.1600000000003	True	True
mutemusic	05	005	2	2	2	1296.3	1069.82	False	True
mutemusic	06	001	3	3	3	2059.18	1367.8199999999997	False	True
mutemusic	06	002	6	5	6	3978.3	1612.1799999999998	False	True
mutemusic	06	003	3	3	3	1998.0900000000001	1053.4300000000003	False	True
mutemusic	06	004	6	5	6	3963.4	1516.82	False	True
narratives	01	001	6	6	6	3453.8199999999997	2591.1099999999997	True	True
narratives	01	002	6	6	6	2953.18	2503.2000000000003	True	True
narratives	01	003	6	6	6	2862.29	2249.9	True	True
narratives	01	004	6	6	6	3050.0299999999997	2583.66	True	True
narratives	01	005	6	6	6	2929.34	2521.08	True	True
narratives	01	006	6	6	6	3212.44	2486.8100000000004	True	True
narratives	01	007	6	6	6	3188.6	2555.35	True	True
narratives	01	008	8	8	0	3872.51	3872.5099999999998	True	True
narratives	01	009	6	6	6	2772.89	2433.17	True	True
narratives	01	010	8	8	0	3909.76	3909.76	True	True
narratives	01	011	6	6	6	3103.67	2589.62	True	True
narratives	01	012	8	8	0	4194.35	4194.35	True	True
narratives	02	001	6	6	6	2007.03	1361.8599999999997	False	True
narratives	02	002	6	6	6	2172.42	1567.48	False	True
narratives	02	003	6	6	6	2226.06	1275.44	False	True
narratives	02	004	6	6	6	2270.76	1679.2299999999998	False	True
narratives	02	005	6	6	6	2214.14	1348.4499999999994	False	True
narratives	02	006	6	6	6	2173.91	1044.4899999999998	False	True
narratives	02	007	6	6	6	2193.2799999999997	1588.3399999999997	False	True
narratives	02	008	8	8	8	3182.64	1956.3700000000003	True	True
narratives	02	009	6	6	6	2193.2799999999997	1439.3399999999997	False	True
narratives	02	010	8	8	8	3313.7599999999998	1738.8300000000002	False	True
narratives	02	011	6	6	6	2212.65	1248.6200000000001	False	True
narratives	02	012	8	8	8	3474.68	1640.4899999999998	False	True
narratives	03	001	6	6	6	2322.91	1977.2299999999998	True	True
narratives	03	002	6	6	6	2513.63	2056.2000000000003	True	True
narratives	03	003	6	6	6	2561.31	2208.18	True	True
narratives	03	004	6	6	6	2538.96	2096.4300000000003	True	True
narratives	03	005	6	6	6	2501.71	2150.07	True	True
narratives	03	006	6	6	6	2600.05	2081.53	True	True
narratives	03	007	6	6	6	2835.47	2179.87	True	True
narratives	03	008	8	8	0	4090.05	4090.0499999999997	True	True
narratives	03	009	6	6	6	2981.49	2086.0	True	True
narratives	03	010	8	8	0	4176.47	4176.469999999999	True	True
narratives	03	011	6	6	6	3023.21	2276.7200000000003	True	True
narratives	03	012	8	8	0	4186.9	4186.9	True	True
narratives	05	001	6	6	6	2476.38	2093.45	True	True
narratives	05	002	6	6	6	2044.2799999999997	1676.25	False	True
narratives	05	003	6	6	6	2126.23	1758.1999999999996	False	True
narratives	05	004	6	6	6	2313.97	1881.87	True	True
narratives	05	005	6	6	6	2106.8599999999997	1650.92	False	True
narratives	05	006	6	6	6	2494.26	1855.0500000000002	True	True
narratives	05	007	5	5	5	2053.22	1509.37	False	True
narratives	05	008	8	8	8	3400.18	2333.3399999999992	True	True
narratives	05	009	6	6	6	2658.16	1939.98	True	True
narratives	05	010	8	8	8	3343.56	2202.2200000000003	True	True
narratives	05	011	6	6	6	2720.74	1972.7599999999998	True	True
narratives	05	012	8	8	8	3656.46	2896.56	True	True
narratives	06	001	6	6	6	2629.85	1574.9299999999998	False	True
narratives	06	002	6	6	6	3213.93	1537.6800000000003	False	True
narratives	06	003	6	6	6	2832.49	1594.2999999999997	False	True
narratives	06	004	6	6	6	2993.41	1865.4799999999998	True	True
narratives	06	005	6	6	6	2814.61	1416.9900000000002	False	True
narratives	06	006	6	6	6	2863.7799999999997	1683.6999999999998	False	True
narratives	06	007	6	6	6	3388.2599999999998	2221.59	True	True
narratives	06	008	8	8	0	4012.57	4012.57	True	True
narratives	06	009	6	6	6	2948.71	1589.8300000000002	False	True
narratives	06	010	8	8	8	3792.05	2026.3999999999992	True	True
narratives	06	011	6	6	6	2999.37	1637.51	False	True
narratives	06	012	8	8	0	3827.81	3827.8100000000004	True	True
ood	01	001	6	0	6	3790.56		False	False
ood	01	002	6	0	6	3537.26		False	False
ood	02	001	6	0	6	3790.56		False	False
ood	02	002	6	0	6	3537.26		False	False
ood	03	001	6	0	6	3790.56		False	False
ood	03	002	6	0	6	3537.26		False	False
ood	05	001	4	0	4	2512.14		False	False
ood	05	002	8	0	8	4815.68		False	False
petit-prince	01	001	6	6	6	3996.1800000000003	3570.0400000000004	True	True
petit-prince	01	002	6	6	6	3800.99	3538.749999999999	True	True
petit-prince	01	003	6	6	6	3821.85	3626.6599999999994	True	True
petit-prince	02	001	6	6	6	3996.1800000000003	2918.9100000000003	True	True
petit-prince	02	002	6	6	6	3800.99	2251.3899999999994	True	True
petit-prince	02	003	6	6	6	3821.85	2190.2999999999993	True	True
petit-prince	03	001	6	6	6	3689.24	3654.97	True	True
petit-prince	03	002	6	6	6	3985.75	3850.16	True	True
petit-prince	03	003	6	6	6	3944.0299999999997	3821.8500000000004	True	True
petit-prince	05	001	6	6	6	3689.24	2999.37	True	True
petit-prince	05	002	6	6	6	3985.75	3020.23	True	True
petit-prince	05	003	6	6	6	3944.0299999999997	3060.46	True	True
petit-prince	06	001	5	5	5	2997.88	1641.9799999999996	False	True
petit-prince	06	002	6	6	6	3961.91	2242.4500000000003	True	True
petit-prince	06	003	5	5	5	3382.3	1959.3500000000001	True	True
retinotopy	01	001	3	3	3	902.94	733.08	False	True
retinotopy	01	002	3	3	3	902.94	534.9100000000001	False	True
retinotopy	01	003	3	3	3	902.94	606.4300000000001	False	True
retinotopy	01	004	3	3	3	902.94	597.49	False	True
retinotopy	01	005	3	3	3	902.94	640.7	False	True
retinotopy	01	006	3	3	3	902.94	689.8700000000001	False	True
retinotopy	02	001	3	3	3	902.94	710.73	False	True
retinotopy	02	002	3	3	3	902.94	558.75	False	True
retinotopy	02	003	3	3	3	902.94	518.52	False	True
retinotopy	02	004	3	3	3	902.94	528.95	False	True
retinotopy	02	005	3	3	3	902.94	469.3500000000001	False	True
retinotopy	02	006	3	3	3	902.94	485.74000000000007	False	True
retinotopy	03	002	3	3	3	902.94	896.98	False	True
retinotopy	03	003	3	3	3	902.94	902.94	False	True
retinotopy	03	004	3	3	3	902.94	899.96	False	True
retinotopy	03	005	3	3	3	902.94	855.2600000000001	False	True
retinotopy	03	006	3	3	3	902.94	886.5500000000001	False	True
retinotopy	05	001	3	3	3	902.94	663.0500000000001	False	True
retinotopy	05	002	1	1	1	300.98	257.77000000000004	False	True
retinotopy	05	003	3	3	3	902.94	823.97	False	True
retinotopy	05	004	3	3	3	902.94	877.61	False	True
retinotopy	05	005	3	3	3	902.94	722.6500000000001	False	True
retinotopy	05	006	3	3	3	902.94	825.46	False	True
shinobi	01	002	4	4	4	2573.23	2077.06	True	True
shinobi	01	003	4	4	4	2558.33	2248.41	True	True
shinobi	01	004	5	5	5	3227.34	2911.46	True	True
shinobi	01	005	4	4	4	2705.84	2443.5999999999995	True	True
shinobi	01	006	5	5	5	3427.0	3148.37	True	True
shinobi	01	007	5	5	5	3301.84	2835.47	True	True
shinobi	01	008	5	5	5	3260.12	3121.5499999999997	True	True
shinobi	01	009	4	4	4	2698.39	2392.94	True	True
shinobi	01	010	3	3	3	2075.5699999999997	1707.5399999999997	False	True
shinobi	01	011	4	4	4	2679.02	2285.66	True	True
shinobi	01	012	4	4	4	2842.92	2589.62	True	True
shinobi	01	013	6	6	6	3941.05	3160.29	True	True
shinobi	02	002	5	5	5	3425.51	2090.4700000000003	True	True
shinobi	02	005	2	2	2	1293.32	840.3599999999999	False	True
shinobi	02	006	3	3	3	2196.26	1455.7300000000002	False	True
shinobi	02	007	5	5	5	3520.87	2154.5399999999995	True	True
shinobi	02	008	5	5	5	3316.7400000000002	1983.1899999999998	True	True
shinobi	02	009	4	4	4	2886.13	2066.6299999999997	True	True
shinobi	02	010	6	6	6	4161.57	2728.1900000000005	True	True
shinobi	02	011	6	6	6	4124.32	2704.3500000000004	True	True
shinobi	02	012	5	5	5	3364.42	1841.6399999999996	True	True
shinobi	02	013	5	5	5	3467.23	1887.83	True	True
shinobi	02	014	4	4	4	2679.02	1445.3	False	True
shinobi	02	015	5	5	5	3307.8	1938.4900000000002	True	True
shinobi	04	001	5	5	5	3511.93	3429.9799999999996	True	True
shinobi	04	002	5	5	5	3638.58	3556.63	True	True
shinobi	04	003	5	5	5	3361.44	3283.96	True	True
shinobi	04	004	5	5	5	3842.71	3587.92	True	True
shinobi	04	005	5	5	5	3498.52	3444.88	True	True
shinobi	04	006	5	5	5	3356.9700000000003	3272.0400000000004	True	True
shinobi	04	007	5	5	0	3386.77	3386.7700000000004	True	True
shinobi	04	008	5	5	5	3455.31	3306.3100000000004	True	True
shinobi	04	009	5	5	5	3486.6000000000004	3260.1200000000003	True	True
shinobi	04	010	5	5	5	3276.5099999999998	2656.6699999999996	True	True
shinobi	04	011	5	5	5	3516.4	3364.4199999999996	True	True
shinobi	06	001	4	4	4	2968.08	1110.0500000000004	False	True
shinobi	06	003	4	4	4	2904.01	1391.6600000000003	False	True
shinobi	06	004	4	4	4	2997.88	1385.7	False	True
shinobi	06	005	4	4	4	2994.9	1324.6099999999997	False	True
shinobi	06	006	4	4	4	2842.92	1363.3500000000001	False	True
shinobi	06	007	4	4	4	3164.76	1357.3899999999999	False	True
shinobi	06	008	5	5	5	3541.73	1475.1000000000004	False	True
shinobi	06	009	5	5	5	3555.14	1628.5700000000004	False	True
shinobi	06	010	4	4	4	2889.11	1212.8600000000001	False	True
shinobi	06	011	5	5	5	3541.73	1765.6499999999996	False	True
shinobi	06	012	4	4	4	2939.77	1573.44	False	True
shinobi	06	013	5	5	5	3634.11	1832.7	True	True
things	01	01	3	3	3	849.3000000000001	704.7700000000001	False	True
things	01	02	6	6	6	1698.6000000000001	1515.33	False	True
things	01	03	6	6	6	1698.6000000000001	1461.6899999999998	False	True
things	01	04	6	6	6	1698.6000000000001	1513.84	False	True
things	01	05	6	6	6	1698.6000000000001	1519.8	False	True
things	01	06	6	6	6	1698.6000000000001	1527.25	False	True
things	01	07	6	6	6	1698.6000000000001	1381.23	False	True
things	01	08	6	6	6	1698.6000000000001	1294.81	False	True
things	01	09	6	6	6	1698.6000000000001	1051.94	False	True
things	01	10	6	6	6	1698.6000000000001	1197.96	False	True
things	01	11	6	6	6	1698.6000000000001	1291.83	False	True
things	01	12	6	6	6	1698.6000000000001	925.29	False	True
things	01	13	6	6	6	1698.6000000000001	1029.59	False	True
things	01	14	6	6	6	1698.6000000000001	1308.2199999999998	False	True
things	01	15	6	6	6	1698.6000000000001	1196.4699999999998	False	True
things	01	16	6	6	6	1698.6000000000001	1341.0	False	True
things	01	17	6	6	6	1698.6000000000001	1113.0299999999997	False	True
things	01	18	6	6	6	1698.6000000000001	1597.28	False	True
things	01	19	6	6	6	1698.6000000000001	1378.25	False	True
things	01	20	6	6	6	1698.6000000000001	1437.85	False	True
things	01	21	6	6	6	1698.6000000000001	1455.73	False	True
things	01	22	6	6	6	1698.6000000000001	1339.51	False	True
things	01	23	6	6	6	1698.6000000000001	1275.4399999999998	False	True
things	01	24	6	6	6	1698.6000000000001	1478.08	False	True
things	01	25	6	6	6	1698.6000000000001	1390.1699999999998	False	True
things	01	26	6	6	6	1698.6000000000001	1424.4399999999998	False	True
things	01	27	6	6	6	1698.6000000000001	1563.01	False	True
things	01	28	6	6	6	1698.6000000000001	1568.9699999999998	False	True
things	01	29	6	6	6	1698.6000000000001	1175.61	False	True
things	01	30	6	6	6	1698.6000000000001	1503.4099999999999	False	True
things	01	31	6	6	6	1698.6000000000001	1576.4199999999998	False	True
things	01	32	6	6	6	1698.6000000000001	1281.3999999999999	False	True
things	01	33	6	6	6	1698.6000000000001	1323.12	False	True
things	01	34	6	6	6	1698.6000000000001	1241.1699999999998	False	True
things	01	35	6	6	6	1698.6000000000001	1238.1899999999998	False	True
things	01	36	6	6	6	1698.6000000000001	1269.48	False	True
things	02	01	3	3	3	849.3000000000001	773.3100000000001	False	True
things	02	02	6	6	6	1698.6000000000001	1336.53	False	True
things	02	03	6	6	6	1698.6000000000001	1133.8899999999999	False	True
things	02	04	6	6	6	1698.6000000000001	1154.75	False	True
things	02	05	6	6	6	1698.6000000000001	1174.12	False	True
things	02	06	6	6	6	1698.6000000000001	1241.1699999999998	False	True
things	02	07	6	6	6	1698.6000000000001	1047.4699999999998	False	True
things	02	08	6	6	6	1698.6000000000001	1193.4899999999998	False	True
things	02	09	6	6	6	1698.6000000000001	1205.4099999999999	False	True
things	02	10	6	6	6	1698.6000000000001	1229.25	False	True
things	02	11	6	6	6	1698.6000000000001	1092.17	False	True
things	02	12	6	6	6	1698.6000000000001	1215.84	False	True
things	02	13	6	6	6	1698.6000000000001	1004.2599999999999	False	True
things	02	14	6	6	6	1698.6000000000001	1023.6299999999999	False	True
things	02	15	6	6	6	1698.6000000000001	1045.98	False	True
things	02	16	6	6	6	1698.6000000000001	1011.7099999999999	False	True
things	02	17	6	6	6	1698.6000000000001	931.2499999999999	False	True
things	02	18	6	6	6	1698.6000000000001	1057.8999999999999	False	True
things	02	19	6	6	6	1698.6000000000001	1132.3999999999999	False	True
things	02	20	6	6	6	1698.6000000000001	1113.0299999999997	False	True
things	02	21	6	6	6	1698.6000000000001	1081.7399999999998	False	True
things	02	22	6	6	6	1698.6000000000001	972.9699999999999	False	True
things	02	23	6	6	6	1698.6000000000001	1043.0	False	True
things	02	24	6	6	6	1698.6000000000001	1114.52	False	True
things	02	25	6	6	6	1698.6000000000001	958.0699999999999	False	True
things	02	26	6	6	6	1698.6000000000001	961.05	False	True
things	02	27	6	6	6	1698.6000000000001	922.31	False	True
things	02	28	6	6	6	1698.6000000000001	1074.29	False	True
things	02	29	6	6	6	1698.6000000000001	1145.81	False	True
things	02	30	6	6	6	1698.6000000000001	1174.12	False	True
things	02	31	6	6	6	1698.6000000000001	1113.0299999999997	False	True
things	02	32	6	6	6	1698.6000000000001	1095.1499999999999	False	True
things	02	33	6	6	6	1698.6000000000001	1127.9299999999998	False	True
things	02	34	6	6	6	1698.6000000000001	1124.9499999999998	False	True
things	02	35	6	6	6	1698.6000000000001	983.3999999999999	False	True
things	02	36	6	6	6	1698.6000000000001	990.8499999999999	False	True
things	03	01	3	3	3	849.3000000000001	847.8100000000001	False	True
things	03	02	6	6	6	1698.6000000000001	1674.76	False	True
things	03	03	6	6	6	1698.6000000000001	1698.6	False	True
things	03	04	6	6	6	1698.6000000000001	1697.11	False	True
things	03	05	6	6	6	1698.6000000000001	1697.11	False	True
things	03	06	6	6	6	1698.6000000000001	1695.62	False	True
things	03	07	6	6	6	1698.6000000000001	1689.6599999999999	False	True
things	03	08	6	6	6	1698.6000000000001	1698.6	False	True
things	03	09	6	6	6	1698.6000000000001	1695.62	False	True
things	03	10	6	6	6	1698.6000000000001	1683.6999999999998	False	True
things	03	11	6	6	6	1698.6000000000001	1694.1299999999999	False	True
things	03	12	6	6	6	1698.6000000000001	1697.11	False	True
things	03	13	6	6	6	1698.6000000000001	1694.1299999999999	False	True
things	03	14	6	6	6	1698.6000000000001	1691.1499999999999	False	True
things	03	15	6	6	6	1698.6000000000001	1686.6799999999998	False	True
things	03	16	6	6	6	1698.6000000000001	1694.1299999999999	False	True
things	03	17	6	6	6	1698.6000000000001	1694.1299999999999	False	True
things	03	18	6	6	6	1698.6000000000001	1689.6599999999999	False	True
things	03	19	6	6	6	1698.6000000000001	1686.6799999999998	False	True
things	03	20	6	6	6	1698.6000000000001	1676.25	False	True
things	03	21	6	6	6	1698.6000000000001	1697.11	False	True
things	03	22	6	6	6	1698.6000000000001	1685.1899999999998	False	True
things	03	23	6	6	6	1698.6000000000001	1698.6	False	True
things	03	24	6	6	6	1698.6000000000001	1698.6	False	True
things	03	25	6	6	6	1698.6000000000001	1691.1499999999999	False	True
things	03	26	6	6	6	1698.6000000000001	1698.6	False	True
things	03	27	6	6	6	1698.6000000000001	1698.6	False	True
things	03	28	6	6	6	1698.6000000000001	1697.11	False	True
things	03	29	6	6	6	1698.6000000000001	1697.11	False	True
things	03	30	6	6	6	1698.6000000000001	1697.11	False	True
things	03	31	6	6	6	1698.6000000000001	1697.11	False	True
things	03	32	6	6	6	1698.6000000000001	1698.6	False	True
things	03	33	6	6	6	1698.6000000000001	1695.62	False	True
things	03	34	6	6	6	1698.6000000000001	1697.11	False	True
things	03	35	6	6	6	1698.6000000000001	1698.6	False	True
things	03	36	6	6	6	1698.6000000000001	1694.1299999999999	False	True
things	06	01	3	3	3	849.3000000000001	619.84	False	True
things	06	02	6	6	6	1698.6000000000001	1187.53	False	True
things	06	03	6	6	6	1698.6000000000001	1107.07	False	True
things	06	04	6	6	6	1698.6000000000001	1270.9699999999998	False	True
things	06	05	6	6	6	1698.6000000000001	1194.98	False	True
things	06	06	6	6	6	1698.6000000000001	1311.1999999999998	False	True
things	06	07	6	6	6	1698.6000000000001	1057.8999999999999	False	True
things	06	08	6	5	6	1698.6000000000001	874.63	False	True
things	06	09	6	6	6	1698.6000000000001	1041.5099999999998	False	True
things	06	10	6	6	6	1698.6000000000001	1098.1299999999999	False	True
things	06	11	6	6	6	1698.6000000000001	1168.1599999999999	False	True
things	06	12	6	6	6	1698.6000000000001	1048.96	False	True
things	06	13	6	6	6	1698.6000000000001	1333.55	False	True
things	06	14	6	6	6	1698.6000000000001	1230.7399999999998	False	True
things	06	15	6	6	6	1698.6000000000001	880.5899999999999	False	True
things	06	16	6	6	6	1698.6000000000001	1147.3	False	True
things	06	17	6	6	6	1698.6000000000001	947.6399999999999	False	True
things	06	18	6	6	6	1698.6000000000001	943.17	False	True
things	06	19	6	6	6	1698.6000000000001	1202.4299999999998	False	True
things	06	20	6	6	6	1698.6000000000001	1062.37	False	True
things	06	21	6	6	6	1698.6000000000001	1159.2199999999998	False	True
things	06	22	6	6	6	1698.6000000000001	1016.18	False	True
things	06	23	6	6	6	1698.6000000000001	1096.6399999999999	False	True
things	06	24	6	6	6	1698.6000000000001	1247.1299999999999	False	True
things	06	25	6	6	6	1698.6000000000001	1189.02	False	True
things	06	26	6	6	6	1698.6000000000001	995.3199999999999	False	True
things	06	27	6	6	6	1698.6000000000001	1141.34	False	True
things	06	28	6	6	6	1698.6000000000001	1177.1	False	True
things	06	29	6	6	6	1698.6000000000001	1306.73	False	True
things	06	30	6	6	6	1698.6000000000001	943.17	False	True
things	06	31	6	6	6	1698.6000000000001	1121.9699999999998	False	True
things	06	32	6	6	6	1698.6000000000001	1248.62	False	True
things	06	33	6	6	6	1698.6000000000001	1110.05	False	True
triplets	01	001	3	3	3	987.8700000000001	956.5800000000002	False	True
triplets	01	002	3	3	3	987.8700000000001	652.6200000000001	False	True
triplets	01	003	3	3	3	987.8700000000001	829.9300000000001	False	True
triplets	01	004	3	3	3	987.8700000000001	816.5200000000001	False	True
triplets	01	005	3	3	3	987.8700000000001	905.9200000000001	False	True
triplets	01	006	3	3	3	1108.56	1045.98	False	True
triplets	01	007	3	3	3	1108.56	992.3399999999999	False	True
triplets	01	008	3	3	3	1108.56	1080.25	False	True
triplets	01	009	3	3	3	1108.56	889.53	False	True
triplets	01	010	3	3	3	987.8700000000001	840.3600000000001	False	True
triplets	01	011	3	3	3	987.8700000000001	707.7500000000001	False	True
triplets	01	012	3	3	3	987.8700000000001	914.8600000000001	False	True
triplets	01	013	3	0	3	987.8700000000001		False	False
triplets	01	014	3	3	3	987.8700000000001	901.4500000000002	False	True
triplets	01	015	3	3	3	1108.56	929.76	False	True
triplets	01	016	3	3	3	1108.56	1053.4299999999998	False	True
triplets	01	017	3	3	3	1108.56	998.3	False	True
triplets	01	018	3	3	3	1108.56	1011.7099999999999	False	True
triplets	01	019	3	3	3	987.8700000000001	740.5300000000001	False	True
triplets	01	020	3	3	3	987.8700000000001	557.2600000000001	False	True
triplets	01	021	3	3	3	987.8700000000001	561.7300000000001	False	True
triplets	01	022	3	3	3	987.8700000000001	902.9400000000002	False	True
triplets	01	023	3	3	3	987.8700000000001	806.0900000000001	False	True
triplets	01	024	3	3	3	1108.56	1047.47	False	True
triplets	01	025	3	3	3	1108.56	980.42	False	True
triplets	01	026	3	3	3	1108.56	925.29	False	True
triplets	01	027	3	3	3	1108.56	807.5799999999999	False	True
triplets	02	001	3	3	3	987.8700000000001	759.9000000000001	False	True
triplets	02	002	3	3	3	987.8700000000001	776.2900000000001	False	True
triplets	02	003	3	3	3	987.8700000000001	628.7800000000002	False	True
triplets	02	004	3	3	3	987.8700000000001	728.6100000000001	False	True
triplets	02	005	3	3	3	987.8700000000001	682.4200000000001	False	True
triplets	02	006	3	3	3	1108.56	886.55	False	True
triplets	02	007	3	3	3	1108.56	782.25	False	True
triplets	02	008	3	3	3	1108.56	694.3399999999999	False	True
triplets	02	009	3	3	3	1108.56	637.72	False	True
triplets	02	010	3	3	3	987.8700000000001	661.5600000000002	False	True
triplets	02	011	3	3	3	987.8700000000001	619.8400000000001	False	True
triplets	02	012	3	3	3	987.8700000000001	604.94	False	True
triplets	02	013	3	3	3	987.8700000000001	543.8500000000001	False	True
triplets	02	014	3	3	3	987.8700000000001	610.9000000000001	False	True
triplets	02	015	3	3	3	1108.56	795.66	False	True
triplets	02	016	3	3	3	1108.56	816.52	False	True
triplets	02	017	3	3	3	1108.56	753.9399999999999	False	True
triplets	02	018	3	3	3	1108.56	815.03	False	True
triplets	02	019	3	3	3	987.8700000000001	613.8800000000001	False	True
triplets	02	020	3	3	3	987.8700000000001	661.5600000000002	False	True
triplets	02	021	3	3	3	987.8700000000001	733.0800000000002	False	True
triplets	02	022	3	3	3	987.8700000000001	616.8600000000001	False	True
triplets	02	023	3	3	3	987.8700000000001	613.8800000000001	False	True
triplets	02	024	3	3	3	1108.56	701.79	False	True
triplets	02	025	3	3	3	1108.56	676.4599999999999	False	True
triplets	02	026	3	3	3	1108.56	591.53	False	True
triplets	02	027	3	3	3	1108.56	473.81999999999994	False	True
triplets	03	001	3	3	3	961.0500000000001	955.09	False	True
triplets	03	002	3	0	3	995.32	1026.6100000000001	False	True
triplets	03	003	3	3	3	987.8700000000001	987.8700000000001	False	True
triplets	03	004	3	3	3	987.8700000000001	987.8700000000001	False	True
triplets	03	005	3	3	3	987.8700000000001	972.9700000000001	False	True
triplets	03	006	3	3	3	1108.56	1108.56	False	True
triplets	03	007	3	3	3	1108.56	1108.56	False	True
triplets	03	008	3	3	3	1108.56	1104.09	False	True
triplets	03	009	3	3	3	1108.56	1104.09	False	True
triplets	03	010	3	3	3	987.8700000000001	987.8700000000001	False	True
triplets	03	011	3	3	3	987.8700000000001	986.3800000000001	False	True
triplets	03	012	3	3	3	987.8700000000001	986.3800000000001	False	True
triplets	03	013	3	3	3	998.3	978.93	False	True
triplets	03	014	3	3	3	987.8700000000001	972.9700000000001	False	True
triplets	03	015	3	3	3	1108.56	1108.56	False	True
triplets	03	016	3	3	3	1108.56	1104.09	False	True
triplets	03	017	3	3	3	1108.56	1104.09	False	True
triplets	03	018	3	3	3	1108.56	1107.07	False	True
triplets	03	019	3	3	3	987.8700000000001	984.8900000000001	False	True
triplets	03	020	3	3	3	987.8700000000001	987.8700000000001	False	True
triplets	03	021	3	3	3	987.8700000000001	983.4000000000001	False	True
triplets	03	022	3	3	3	987.8700000000001	959.5600000000002	False	True
triplets	03	023	3	3	3	987.8700000000001	983.4000000000001	False	True
triplets	03	024	3	3	3	1108.56	1104.09	False	True
triplets	03	025	3	3	3	1108.56	1108.56	False	True
triplets	03	026	3	3	3	1108.56	1104.09	False	True
triplets	03	027	3	3	3	1108.56	1105.58	False	True
triplets	06	001	3	3	3	996.8100000000001	728.6099999999999	False	True
triplets	06	002	3	3	3	987.8700000000001	694.3400000000001	False	True
triplets	06	003	3	3	3	987.8700000000001	646.6600000000001	False	True
triplets	06	004	3	3	3	987.8700000000001	631.7600000000001	False	True
triplets	06	005	3	3	3	987.8700000000001	692.8500000000001	False	True
triplets	06	006	3	3	3	1108.56	698.81	False	True
triplets	06	007	3	3	3	1108.56	697.3199999999999	False	True
triplets	06	008	3	3	3	1108.56	756.92	False	True
triplets	06	009	3	3	3	1108.56	771.8199999999999	False	True
triplets	06	010	3	3	3	987.8700000000001	680.9300000000001	False	True
triplets	06	011	3	3	3	987.8700000000001	759.9000000000001	False	True
triplets	06	012	3	3	3	987.8700000000001	719.6700000000001	False	True
triplets	06	013	3	3	3	987.8700000000001	701.7900000000002	False	True
triplets	06	014	3	3	3	987.8700000000001	727.1200000000001	False	True
triplets	06	015	3	3	3	1108.56	721.16	False	True
triplets	06	016	3	3	3	1108.56	759.8999999999999	False	True
triplets	06	017	3	3	3	1108.56	898.4699999999999	False	True
triplets	06	018	3	3	3	1108.56	919.3299999999999	False	True
triplets	06	019	3	3	3	987.8700000000001	688.3800000000001	False	True
triplets	06	020	3	3	3	987.8700000000001	628.7800000000002	False	True
triplets	06	021	3	3	3	987.8700000000001	628.7800000000002	False	True
triplets	06	022	3	3	3	987.8700000000001	627.2900000000002	False	True
triplets	06	023	3	3	3	987.8700000000001	767.3500000000001	False	True
triplets	06	024	3	3	3	1108.56	911.8799999999999	False	True
triplets	06	025	3	3	3	1108.56	682.42	False	True
triplets	06	026	3	3	3	1108.56	768.8399999999999	False	True
triplets	06	027	3	3	3	1108.56	876.1199999999999	False	True
