bin	n	median	q25	q75	mean	sd	network	gate	measure	n_edges_valid	n_edges_total
within-subject / within-dataset	16776	0.9391914861443342	0.9189734693337721	0.9519653184891268	0.9252812568733059	0.04827585891673031	Vis	all	pearson	13041	13041
within-subject / between-dataset	101194	0.751776626528019	0.68518498520607	0.814608913017965	0.7450094188011711	0.08914014377949032	Vis	all	pearson	13041	13041
between-subject / within-dataset	72455	0.679389300401905	0.6461246205448111	0.7119904258468985	0.6739452661065523	0.057097298183849794	Vis	all	pearson	13041	13041
between-subject / between-dataset	445203	0.5907807817675066	0.5406256788881132	0.6371494995143299	0.5861943599670002	0.07101123149329137	Vis	all	pearson	13041	13041
within-subject / within-dataset	9401	0.9463089183868028	0.933284116057733	0.956596612724516	0.9420908397406083	0.022534809119906567	Vis	gated	pearson	13041	13041
within-subject / between-dataset	27667	0.7731161282782922	0.7148665292238008	0.8268084777007209	0.7686954203190111	0.07616429197729935	Vis	gated	pearson	13041	13041
between-subject / within-dataset	43546	0.6898371336146387	0.6620677309124774	0.7227051494084561	0.6906057723285554	0.04360549831522269	Vis	gated	pearson	13041	13041
between-subject / between-dataset	130311	0.6147209861673858	0.5713762072013024	0.6578421712237916	0.612868172258183	0.06159606062880133	Vis	gated	pearson	13041	13041
within-subject / within-dataset	8016	0.9477972003805775	0.9363426639407185	0.9574208623735836	0.9450131806132641	0.01838058074813481	Vis	qc_covered	pearson	13041	13041
within-subject / between-dataset	13533	0.7782635344721488	0.7225205160379898	0.8392223233204105	0.7774628308402072	0.0774846680708267	Vis	qc_covered	pearson	13041	13041
between-subject / within-dataset	37986	0.694266454124369	0.6693015364227973	0.726250843538502	0.6968206533925418	0.03932979242826008	Vis	qc_covered	pearson	13041	13041
between-subject / between-dataset	63225	0.625765784694207	0.5770840668321678	0.6695825568899654	0.6215907572248743	0.06499308454274	Vis	qc_covered	pearson	13041	13041
within-subject / within-dataset	1997	0.9492454299109113	0.9374561221517553	0.9589266755226278	0.946275676493293	0.017747583455073365	Vis	low_motion	pearson	13041	13041
within-subject / between-dataset	3029	0.7868982697550708	0.7321551212361609	0.8420869624082782	0.78480413017193	0.07507077893306159	Vis	low_motion	pearson	13041	13041
between-subject / within-dataset	9692	0.6936822685122934	0.6695305173398981	0.7263870532750714	0.6968979447054936	0.03877171424778632	Vis	low_motion	pearson	13041	13041
between-subject / between-dataset	14202	0.6282157351577534	0.5834833172418838	0.6711073949101507	0.6256945951301665	0.06093366449023639	Vis	low_motion	pearson	13041	13041
within-subject / within-dataset	1886	0.9486558646790875	0.9365330083988582	0.9576428668630401	0.9454272856049359	0.01793946609087712	Vis	high_tsnr	pearson	13041	13041
within-subject / between-dataset	2591	0.7874389839072179	0.7351990973000174	0.839043504644684	0.7862330097314887	0.07014612530300028	Vis	high_tsnr	pearson	13041	13041
between-subject / within-dataset	9161	0.6928391983929675	0.668311301671933	0.722149120214678	0.6947442793114491	0.037579571665606035	Vis	high_tsnr	pearson	13041	13041
between-subject / between-dataset	12013	0.6290111720218396	0.5877917306979191	0.6677935739836132	0.6267007241456264	0.05704625949976278	Vis	high_tsnr	pearson	13041	13041
within-subject / within-dataset	16776	0.8939130971134226	0.8552435336111797	0.9191688672018582	0.8798790761668667	0.05671895862063918	SomMot	all	pearson	18721	18721
within-subject / between-dataset	101194	0.6940236357689362	0.6114881499433713	0.7752202947690798	0.6843362088856081	0.11688827105571042	SomMot	all	pearson	18721	18721
between-subject / within-dataset	72455	0.5788343163685671	0.5124593769444261	0.6312797616291481	0.5661377310278073	0.08920052492507971	SomMot	all	pearson	18721	18721
between-subject / between-dataset	445203	0.46616169777161853	0.40699603247860383	0.5279602758457653	0.4669928160429557	0.08845890560657284	SomMot	all	pearson	18721	18721
within-subject / within-dataset	9401	0.9104872639696001	0.8861108132641387	0.9284031281232853	0.9027153355562911	0.037738250025135776	SomMot	gated	pearson	18721	18721
within-subject / between-dataset	27667	0.698904257584464	0.6237153393037151	0.7779850412477907	0.6961834678120427	0.10643647412080359	SomMot	gated	pearson	18721	18721
between-subject / within-dataset	43546	0.6031401846849116	0.5514770181935383	0.6464121574532211	0.5969607280912214	0.06865876040634486	SomMot	gated	pearson	18721	18721
between-subject / between-dataset	130311	0.4987083950022721	0.44009722352245884	0.5595182503166111	0.501228860085404	0.08585332060927393	SomMot	gated	pearson	18721	18721
within-subject / within-dataset	8016	0.9120901331991511	0.8896425675710028	0.9287941683840422	0.9058453159966751	0.033616268008213365	SomMot	qc_covered	pearson	18721	18721
within-subject / between-dataset	13533	0.7373222567998171	0.6665461559542619	0.8120616729776646	0.7336519955933409	0.0971815784514241	SomMot	qc_covered	pearson	18721	18721
between-subject / within-dataset	37986	0.6119527813437438	0.5677580465689851	0.6521918196188843	0.607995486922993	0.061936585553496	SomMot	qc_covered	pearson	18721	18721
between-subject / between-dataset	63225	0.5313612035455053	0.4700337776779932	0.5917215315759504	0.5320539639771069	0.0845937736777311	SomMot	qc_covered	pearson	18721	18721
within-subject / within-dataset	1997	0.9114445035377129	0.8878292793659329	0.9283781962499833	0.9035805247693444	0.035440846459544886	SomMot	low_motion	pearson	18721	18721
within-subject / between-dataset	3029	0.730821091263236	0.6640974444093217	0.8079576079797108	0.730199652498673	0.09804400279490724	SomMot	low_motion	pearson	18721	18721
between-subject / within-dataset	9692	0.6152888724285913	0.5703851163318203	0.6542166155813787	0.6101410778544168	0.06008661547494035	SomMot	low_motion	pearson	18721	18721
between-subject / between-dataset	14202	0.527092372080797	0.4676774569785435	0.5887218650080234	0.5293930984797589	0.08342733055346224	SomMot	low_motion	pearson	18721	18721
within-subject / within-dataset	1886	0.9139636388787932	0.8901613503106902	0.9303444066028643	0.9071784233908262	0.032524360125171736	SomMot	high_tsnr	pearson	18721	18721
within-subject / between-dataset	2591	0.7240723897494674	0.6610980000813592	0.8073899482694059	0.7260047627827598	0.09863562970769447	SomMot	high_tsnr	pearson	18721	18721
between-subject / within-dataset	9161	0.6079773363676255	0.5626179890155321	0.6448286395831896	0.6027373871336029	0.06015361689325728	SomMot	high_tsnr	pearson	18721	18721
between-subject / between-dataset	12013	0.5187754632439552	0.46429606750434504	0.5806323032873355	0.5234054086547537	0.08208397708724888	SomMot	high_tsnr	pearson	18721	18721
within-subject / within-dataset	16776	0.9304255450902585	0.9048530943337989	0.9486261744563896	0.9163459708863978	0.05245385949048619	DorsAttn	all	pearson	7381	7381
within-subject / between-dataset	101194	0.7315651524911264	0.6696023417815266	0.7817605361893392	0.7210431701790235	0.0920485093883309	DorsAttn	all	pearson	7381	7381
between-subject / within-dataset	72455	0.5267248092028299	0.48493683437859414	0.5716105311310996	0.5246304393782585	0.060733198585687764	DorsAttn	all	pearson	7381	7381
between-subject / between-dataset	445203	0.43941352087330526	0.3926161044320784	0.4842990659302685	0.4363901416241136	0.06857592055241832	DorsAttn	all	pearson	7381	7381
within-subject / within-dataset	9401	0.9432055557767188	0.9260520634806874	0.9556731963756548	0.9377066433276713	0.028184321341195747	DorsAttn	gated	pearson	7381	7381
within-subject / between-dataset	27667	0.7389277114729645	0.6848520784578229	0.8002313176202733	0.7413971955643226	0.09273304932121451	DorsAttn	gated	pearson	7381	7381
between-subject / within-dataset	43546	0.5423479884377524	0.5054912747264352	0.5854738177403658	0.5432210711067386	0.05096263172723472	DorsAttn	gated	pearson	7381	7381
between-subject / between-dataset	130311	0.4574631525044958	0.40782615233855063	0.5019344319396963	0.45501860683818435	0.0694774655218365	DorsAttn	gated	pearson	7381	7381
within-subject / within-dataset	8016	0.9442536527604373	0.9282570472122027	0.9559426038381272	0.93999860327592	0.022784289216424662	DorsAttn	qc_covered	pearson	7381	7381
within-subject / between-dataset	13533	0.7829330621797664	0.719733754510652	0.8409908125761836	0.7814553876590267	0.08589900540387863	DorsAttn	qc_covered	pearson	7381	7381
between-subject / within-dataset	37986	0.5454113653462477	0.5084546528909496	0.586280028321158	0.5454157226990128	0.04918024083010045	DorsAttn	qc_covered	pearson	7381	7381
between-subject / between-dataset	63225	0.47941132386250357	0.43461147757796836	0.5175597478675917	0.47569625241883023	0.06360129834065703	DorsAttn	qc_covered	pearson	7381	7381
within-subject / within-dataset	1997	0.9449691288488988	0.9296331687391184	0.9565434914827458	0.9412924831607246	0.02162317336876553	DorsAttn	low_motion	pearson	7381	7381
within-subject / between-dataset	3029	0.7818448000839375	0.7204682322262448	0.8468351782149982	0.7843211763194964	0.08876919329895684	DorsAttn	low_motion	pearson	7381	7381
between-subject / within-dataset	9692	0.5456577435343093	0.5063803735904131	0.5854128057615097	0.5447510529708697	0.047873427552301964	DorsAttn	low_motion	pearson	7381	7381
between-subject / between-dataset	14202	0.4805913255478097	0.4370177003011785	0.5169335357536249	0.4755645020845137	0.06350594290168386	DorsAttn	low_motion	pearson	7381	7381
within-subject / within-dataset	1886	0.9452246693180749	0.9293266224587097	0.9562858583820733	0.9407304662871934	0.02226022378145252	DorsAttn	high_tsnr	pearson	7381	7381
within-subject / between-dataset	2591	0.7731946599457892	0.7200541146542256	0.8465206122452362	0.7818383385779452	0.08441208414308064	DorsAttn	high_tsnr	pearson	7381	7381
between-subject / within-dataset	9161	0.5456895485037203	0.5052928661294753	0.5845996391879452	0.543375231242864	0.0489518957344792	DorsAttn	high_tsnr	pearson	7381	7381
between-subject / between-dataset	12013	0.4791687727860919	0.4373780314579099	0.5159273970181729	0.47545690954710146	0.062000640038225384	DorsAttn	high_tsnr	pearson	7381	7381
within-subject / within-dataset	16776	0.9022988594870555	0.8671459850082696	0.9270784305651387	0.8896082166569956	0.05447312616427889	SalVentAttn	all	pearson	7260	7260
within-subject / between-dataset	101194	0.7252932228305897	0.6622739780895797	0.7872455220545777	0.7219604614673447	0.08494415342609361	SalVentAttn	all	pearson	7260	7260
between-subject / within-dataset	72455	0.5121127622078773	0.4658069317355047	0.5666325636678932	0.5153166205980804	0.0751688553455607	SalVentAttn	all	pearson	7260	7260
between-subject / between-dataset	445203	0.4422278763012128	0.39404035227409395	0.48906282926038025	0.44086975828158914	0.07207476926058812	SalVentAttn	all	pearson	7260	7260
within-subject / within-dataset	9401	0.9194127549036182	0.8973318602582208	0.9369067333898328	0.9134302038630387	0.03432463494023068	SalVentAttn	gated	pearson	7260	7260
within-subject / between-dataset	27667	0.7239785815900095	0.6563892766782682	0.8016179696692949	0.7281634694898428	0.08857188710400529	SalVentAttn	gated	pearson	7260	7260
between-subject / within-dataset	43546	0.528196287676659	0.4853402060281681	0.5867187112007639	0.5334758938438281	0.07124803519992491	SalVentAttn	gated	pearson	7260	7260
between-subject / between-dataset	130311	0.4515879988871731	0.4006737245673998	0.497328247099285	0.4495304488876296	0.07694132019291543	SalVentAttn	gated	pearson	7260	7260
within-subject / within-dataset	8016	0.9233389699756078	0.9036458399369858	0.9392256281211824	0.9195957758103331	0.026865770972908463	SalVentAttn	qc_covered	pearson	7260	7260
within-subject / between-dataset	13533	0.7829069319203681	0.7235236351942822	0.8272633248514416	0.7720279888860155	0.07700865633789637	SalVentAttn	qc_covered	pearson	7260	7260
between-subject / within-dataset	37986	0.5376669420204614	0.4961434359904664	0.5963138173950229	0.5449307613298575	0.06481449379218744	SalVentAttn	qc_covered	pearson	7260	7260
between-subject / between-dataset	63225	0.4725119437223866	0.4263353082436514	0.5248331624717414	0.4738718766890558	0.07724727746935536	SalVentAttn	qc_covered	pearson	7260	7260
within-subject / within-dataset	1997	0.9233645177831309	0.9048470946164996	0.9396776011023438	0.9204876803473413	0.026431625227594763	SalVentAttn	low_motion	pearson	7260	7260
within-subject / between-dataset	3029	0.7822817176625347	0.7148936849739052	0.8339645020282366	0.7715100151832838	0.08155270496545687	SalVentAttn	low_motion	pearson	7260	7260
between-subject / within-dataset	9692	0.5315258540038	0.493567409598685	0.6018055621644941	0.5437353210391827	0.06648072312260898	SalVentAttn	low_motion	pearson	7260	7260
between-subject / between-dataset	14202	0.4675264282534904	0.4234833786732594	0.5236579660124596	0.4715653489260504	0.08079515963018268	SalVentAttn	low_motion	pearson	7260	7260
within-subject / within-dataset	1886	0.9214634875113947	0.9021261898173866	0.9398313512043136	0.9186737700773044	0.027977186333367803	SalVentAttn	high_tsnr	pearson	7260	7260
within-subject / between-dataset	2591	0.7772241179298892	0.7168057698890353	0.8281652302032484	0.767857624250084	0.07752687809244987	SalVentAttn	high_tsnr	pearson	7260	7260
between-subject / within-dataset	9161	0.5254606164708613	0.4896775405371279	0.5831025649152043	0.5352460754332437	0.06282258106156172	SalVentAttn	high_tsnr	pearson	7260	7260
between-subject / between-dataset	12013	0.46420578215871366	0.4217692047834897	0.5146842697848761	0.4674331179929446	0.07610840308391327	SalVentAttn	high_tsnr	pearson	7260	7260
within-subject / within-dataset	16776	0.8452382341412066	0.7867397451668439	0.8822586308674293	0.8264121363315209	0.0782653910804929	Limbic	all	pearson	1770	1770
within-subject / between-dataset	101194	0.7310152640642729	0.6158857085571108	0.809552781783415	0.6990685600154127	0.1387730784974918	Limbic	all	pearson	1770	1770
between-subject / within-dataset	72455	0.46855667545934343	0.41815944906445246	0.5207042422016848	0.47157025948969444	0.07565320817366561	Limbic	all	pearson	1770	1770
between-subject / between-dataset	445203	0.434438653899594	0.38130830832449836	0.48963688444622444	0.4365652386942344	0.08170886857921979	Limbic	all	pearson	1770	1770
within-subject / within-dataset	9401	0.856603921810451	0.8111745528256878	0.8873906167310542	0.8418319309495704	0.0654017390476686	Limbic	gated	pearson	1770	1770
within-subject / between-dataset	27667	0.711156740184718	0.596929165569262	0.7934501943431886	0.6781470806322729	0.1444082765955971	Limbic	gated	pearson	1770	1770
between-subject / within-dataset	43546	0.47729075903814633	0.4276111598276051	0.5279673498076898	0.4805728431531579	0.0731435693221934	Limbic	gated	pearson	1770	1770
between-subject / between-dataset	130311	0.43836650386747955	0.3831482153013399	0.49188171102493017	0.43858629971220514	0.08197753267607755	Limbic	gated	pearson	1770	1770
within-subject / within-dataset	8016	0.85718176158941	0.8107840967722352	0.8872053310742499	0.8409927019842457	0.06682872504178003	Limbic	qc_covered	pearson	1770	1770
within-subject / between-dataset	13533	0.6954757401287898	0.5263708445971632	0.7792843163117064	0.6546977287161264	0.15353627865625816	Limbic	qc_covered	pearson	1770	1770
between-subject / within-dataset	37986	0.47690995411075787	0.42711787845332555	0.5263024087458957	0.47911920303716593	0.07150608095618337	Limbic	qc_covered	pearson	1770	1770
between-subject / between-dataset	63225	0.4344044666739516	0.3743605046119331	0.48904826419499214	0.43329910783180453	0.08242238266435913	Limbic	qc_covered	pearson	1770	1770
within-subject / within-dataset	1997	0.8590801938634062	0.8127663986926844	0.8884756235311021	0.8411111776987958	0.06602132414825301	Limbic	low_motion	pearson	1770	1770
within-subject / between-dataset	3029	0.6785068616772211	0.512114237167342	0.772066113714081	0.6431024900336824	0.1537783337959277	Limbic	low_motion	pearson	1770	1770
between-subject / within-dataset	9692	0.4712226043523827	0.4225448811973495	0.5230291173718205	0.47473971307038954	0.07271153506039268	Limbic	low_motion	pearson	1770	1770
between-subject / between-dataset	14202	0.4299259586968079	0.3704494997106681	0.4872334775782342	0.4303798267089218	0.08469050723630672	Limbic	low_motion	pearson	1770	1770
within-subject / within-dataset	1886	0.8553003769877505	0.8057610758850995	0.8860005067828018	0.8378350004244919	0.06678830262849161	Limbic	high_tsnr	pearson	1770	1770
within-subject / between-dataset	2591	0.6730585309467229	0.49109564715158693	0.7620790124985846	0.6333095826646842	0.1573334265386869	Limbic	high_tsnr	pearson	1770	1770
between-subject / within-dataset	9161	0.4688005701513158	0.4205696023656298	0.5199611175005363	0.47252434531525855	0.0720256861610468	Limbic	high_tsnr	pearson	1770	1770
between-subject / between-dataset	12013	0.42833785627956444	0.36531687088835196	0.48532014845164706	0.4276701936184851	0.0846694401446505	Limbic	high_tsnr	pearson	1770	1770
within-subject / within-dataset	16776	0.9269145325499195	0.8992788539631932	0.945095261968308	0.9144075806856037	0.04668316566147286	Cont	all	pearson	8128	8128
within-subject / between-dataset	101194	0.7676915399399556	0.7092367829080668	0.8163865352471761	0.7592452845594525	0.08031018153514459	Cont	all	pearson	8128	8128
between-subject / within-dataset	72455	0.5042860734710629	0.46946249235713444	0.5438384579670341	0.5049962038868443	0.05597906101546481	Cont	all	pearson	8128	8128
between-subject / between-dataset	445203	0.45798410580068366	0.41395818321397815	0.5001085846200748	0.4563464054614386	0.0620940871748755	Cont	all	pearson	8128	8128
within-subject / within-dataset	9401	0.9388609350612888	0.9203520698636606	0.9526823130468574	0.9306282677603803	0.03551453412337936	Cont	gated	pearson	8128	8128
within-subject / between-dataset	27667	0.7823895267481441	0.7229919481260381	0.8461042931497309	0.776511610101658	0.0881832135229454	Cont	gated	pearson	8128	8128
between-subject / within-dataset	43546	0.5089816412476658	0.47770285497459175	0.5484385268103226	0.5113152469279036	0.05057169050998724	Cont	gated	pearson	8128	8128
between-subject / between-dataset	130311	0.4621675769321066	0.41784011952896266	0.501070265606899	0.45860608904488476	0.06124891859701555	Cont	gated	pearson	8128	8128
within-subject / within-dataset	8016	0.9424918571440917	0.9277593266895239	0.9545502787469287	0.9378558083608683	0.026457628986034123	Cont	qc_covered	pearson	8128	8128
within-subject / between-dataset	13533	0.8338237907540694	0.7767713638104012	0.8722447025014026	0.8212205827548649	0.06957595798657058	Cont	qc_covered	pearson	8128	8128
between-subject / within-dataset	37986	0.5112192851254542	0.481830409092496	0.5511330510635475	0.515490496922373	0.04768889477574541	Cont	qc_covered	pearson	8128	8128
between-subject / between-dataset	63225	0.47842547154618076	0.44255808617528997	0.5157274363725258	0.47627112660888843	0.05740274860637527	Cont	qc_covered	pearson	8128	8128
within-subject / within-dataset	1997	0.9439144508369287	0.9298015410041938	0.9558063286641084	0.9398764017590985	0.024353578581468003	Cont	low_motion	pearson	8128	8128
within-subject / between-dataset	3029	0.8321972965697536	0.771562928373504	0.8724460287291491	0.8205039918990777	0.07057229365594175	Cont	low_motion	pearson	8128	8128
between-subject / within-dataset	9692	0.5070164691439547	0.47873830835820597	0.5460330099297603	0.511655856058645	0.04648482285549583	Cont	low_motion	pearson	8128	8128
between-subject / between-dataset	14202	0.47407270475763186	0.43753284607109294	0.5105434531979062	0.47063738091281043	0.05682816716507173	Cont	low_motion	pearson	8128	8128
within-subject / within-dataset	1886	0.9415044890814432	0.9264846199453265	0.9550669710835502	0.9365593328177477	0.02863419918368111	Cont	high_tsnr	pearson	8128	8128
within-subject / between-dataset	2591	0.8261107161595939	0.7715251443089708	0.864298446376732	0.8147587147809217	0.07044348971581217	Cont	high_tsnr	pearson	8128	8128
between-subject / within-dataset	9161	0.5079280511396739	0.48055355876609146	0.5446387018168057	0.5119369268734147	0.045076419396285976	Cont	high_tsnr	pearson	8128	8128
between-subject / between-dataset	12013	0.4731322676522781	0.4376927965691224	0.508850664321877	0.4705023448223066	0.05465412719668401	Cont	high_tsnr	pearson	8128	8128
within-subject / within-dataset	16776	0.9251699505913213	0.8871966602432727	0.9457882135956793	0.9082396430282177	0.054623985516589375	Default	all	pearson	21736	21736
within-subject / between-dataset	101194	0.7275719436293422	0.6682965267136749	0.7829979591913527	0.725597239202012	0.08108283101556923	Default	all	pearson	21736	21736
between-subject / within-dataset	72455	0.5450351186302568	0.5064990612340168	0.5833601018227246	0.5401983073098129	0.0583101949486556	Default	all	pearson	21736	21736
between-subject / between-dataset	445203	0.45418061434575696	0.41290545109771776	0.4940733874261791	0.45330503686556234	0.0584265719931116	Default	all	pearson	21736	21736
within-subject / within-dataset	9401	0.9406994122355855	0.9234852651212044	0.952907764409561	0.9327308625921864	0.032914369192568675	Default	gated	pearson	21736	21736
within-subject / between-dataset	27667	0.7270109452751551	0.6625801902348365	0.8092539540439404	0.7345940178748226	0.09235064795201386	Default	gated	pearson	21736	21736
between-subject / within-dataset	43546	0.560297848305267	0.531155637730313	0.5969686470331519	0.5593025166700294	0.04816565801056791	Default	gated	pearson	21736	21736
between-subject / between-dataset	130311	0.45824845510120316	0.41286834896464686	0.5055188519900493	0.459723888938312	0.06349506172560009	Default	gated	pearson	21736	21736
within-subject / within-dataset	8016	0.9433644972887811	0.9300361368512315	0.9545507490303535	0.9400451978526887	0.0219315947396712	Default	qc_covered	pearson	21736	21736
within-subject / between-dataset	13533	0.7880916361859391	0.7097869315934232	0.8415290603450631	0.7752515870504343	0.08504313837744326	Default	qc_covered	pearson	21736	21736
between-subject / within-dataset	37986	0.5669249000074736	0.5396683928519905	0.6019406144642983	0.5678650298065209	0.04121411214910661	Default	qc_covered	pearson	21736	21736
between-subject / between-dataset	63225	0.48681671642632907	0.434641395110285	0.5293721602266868	0.48093681580441283	0.06542719265255671	Default	qc_covered	pearson	21736	21736
within-subject / within-dataset	1997	0.9441773500492526	0.931136969716901	0.9552960670899774	0.9417269287213392	0.020232607567139682	Default	low_motion	pearson	21736	21736
within-subject / between-dataset	3029	0.7829711044373758	0.7034966751024058	0.8436720750861004	0.7723858432379123	0.08915230259585614	Default	low_motion	pearson	21736	21736
between-subject / within-dataset	9692	0.566614157526565	0.5378014802823191	0.6016388095900398	0.5668984826289631	0.041811539887115334	Default	low_motion	pearson	21736	21736
between-subject / between-dataset	14202	0.481957270823078	0.42942423653495665	0.526912122594185	0.4770960551659327	0.06771602915926216	Default	low_motion	pearson	21736	21736
within-subject / within-dataset	1886	0.9431531315430906	0.9300846700112441	0.9549795425925744	0.9403884163072147	0.021775538386204888	Default	high_tsnr	pearson	21736	21736
within-subject / between-dataset	2591	0.7774309725317102	0.69940692437377	0.8392025059554471	0.7691958030562392	0.088113991468639	Default	high_tsnr	pearson	21736	21736
between-subject / within-dataset	9161	0.5674417370165612	0.5396132676970148	0.6031912258588918	0.5682991792895522	0.0408557678620263	Default	high_tsnr	pearson	21736	21736
between-subject / between-dataset	12013	0.48054399004923226	0.42767374530199365	0.5271551250923088	0.4766433304531805	0.06809541092399393	Default	high_tsnr	pearson	21736	21736
within-subject / within-dataset	16776	0.9262785162913804	0.8982799123208997	0.9447228416368296	0.916367087481859	0.041778243903716865	cerebellum	all	pearson	3828	3828
within-subject / between-dataset	101194	0.8494696655921271	0.7890578659201231	0.8919535722978127	0.8328139182892978	0.07787260515646284	cerebellum	all	pearson	3828	3828
between-subject / within-dataset	72455	0.6998280335846676	0.6438582001516928	0.7405332324811327	0.6885315196668582	0.07478179025687268	cerebellum	all	pearson	3828	3828
between-subject / between-dataset	445203	0.6656185755564371	0.6063515209323874	0.711482343404124	0.6530376956951713	0.08002523642237792	cerebellum	all	pearson	3828	3828
within-subject / within-dataset	9401	0.9337062832228341	0.9139473971245637	0.9487260855871534	0.9276355736710145	0.03148095975049453	cerebellum	gated	pearson	3828	3828
within-subject / between-dataset	27667	0.8447845138676171	0.7885862749002557	0.8869343645581603	0.8318198817643756	0.07074936758267764	cerebellum	gated	pearson	3828	3828
between-subject / within-dataset	43546	0.7119699070268554	0.6601032981123268	0.751735054351681	0.7016034722120894	0.07244418187029814	cerebellum	gated	pearson	3828	3828
between-subject / between-dataset	130311	0.683065166938832	0.6282466489804834	0.7234878319188593	0.6702580711243803	0.07415002024940681	cerebellum	gated	pearson	3828	3828
within-subject / within-dataset	8016	0.9333530005915923	0.9142274666711815	0.9481001462017169	0.9275953894693728	0.030838929322677483	cerebellum	qc_covered	pearson	3828	3828
within-subject / between-dataset	13533	0.8440795482957762	0.7918269230547273	0.8854289955571261	0.8335060946443054	0.0681717703606477	cerebellum	qc_covered	pearson	3828	3828
between-subject / within-dataset	37986	0.7082070615524376	0.6556584490996569	0.7459796524662086	0.696596013616104	0.07196132401717832	cerebellum	qc_covered	pearson	3828	3828
between-subject / between-dataset	63225	0.6884137413577275	0.629655962244856	0.7269817617697876	0.6719445028728496	0.07560522880103834	cerebellum	qc_covered	pearson	3828	3828
within-subject / within-dataset	1997	0.9347897944049172	0.916951085626762	0.9487695781516382	0.9298714007303982	0.028884314179415976	cerebellum	low_motion	pearson	3828	3828
within-subject / between-dataset	3029	0.8455200210393861	0.7929556876547568	0.8878599126276724	0.8358781880295895	0.06458517295537453	cerebellum	low_motion	pearson	3828	3828
between-subject / within-dataset	9692	0.7089876973416627	0.6551477585127761	0.7467790408431222	0.6964208442759742	0.07193167602948901	cerebellum	low_motion	pearson	3828	3828
between-subject / between-dataset	14202	0.6931366274025924	0.6393808561236554	0.726972295694829	0.675430425978076	0.07337638206097531	cerebellum	low_motion	pearson	3828	3828
within-subject / within-dataset	1886	0.9351815372840369	0.9169016280341389	0.9488414110552761	0.9283008697074423	0.031678588223155384	cerebellum	high_tsnr	pearson	3828	3828
within-subject / between-dataset	2591	0.8421624762657943	0.7876658572241937	0.8857263219121752	0.8320314744261059	0.0667205337509384	cerebellum	high_tsnr	pearson	3828	3828
between-subject / within-dataset	9161	0.707503608772388	0.6560780868380396	0.744712284911611	0.6969107194591305	0.06934094847325249	cerebellum	high_tsnr	pearson	3828	3828
between-subject / between-dataset	12013	0.6922179283644458	0.6356552765129863	0.7274013941205199	0.6744376524749542	0.07452004083553775	cerebellum	high_tsnr	pearson	3828	3828
within-subject / within-dataset	16776	0.8843921529767131	0.8452354793699928	0.9120549010521153	0.8713956112820453	0.05731270748565339	subcortex	all	pearson	1225	1225
within-subject / between-dataset	101194	0.8041043343231171	0.7499493046540745	0.8507369634271218	0.7943247816405777	0.07538838801259151	subcortex	all	pearson	1225	1225
between-subject / within-dataset	72455	0.738754621351906	0.684781391943815	0.7786974229847408	0.7249896805146567	0.07454933215481611	subcortex	all	pearson	1225	1225
between-subject / between-dataset	445203	0.7045047739625377	0.6453973308875375	0.7502445098234292	0.6931949462025463	0.07751040906296724	subcortex	all	pearson	1225	1225
within-subject / within-dataset	9401	0.8961283722196115	0.8672284733178016	0.9190193763543913	0.8882439338284687	0.04348458781322566	subcortex	gated	pearson	1225	1225
within-subject / between-dataset	27667	0.8243798155749605	0.7716344512030071	0.8625995644116486	0.8122917361878959	0.06697565531512711	subcortex	gated	pearson	1225	1225
between-subject / within-dataset	43546	0.7528738652609503	0.7055520952975795	0.7872187271414351	0.7425221800987152	0.06156105666929126	subcortex	gated	pearson	1225	1225
between-subject / between-dataset	130311	0.7282752570383032	0.6777930794728592	0.7686304384033102	0.7190362827251755	0.06682311681620631	subcortex	gated	pearson	1225	1225
within-subject / within-dataset	8016	0.8952921199743655	0.8679171744831902	0.917048537581679	0.8880390360222217	0.04066213467256111	subcortex	qc_covered	pearson	1225	1225
within-subject / between-dataset	13533	0.8351403810817487	0.7859109360763675	0.8678416510402096	0.8219743133135853	0.06282278248976934	subcortex	qc_covered	pearson	1225	1225
between-subject / within-dataset	37986	0.7512796207179436	0.7050959718096669	0.785235567994019	0.741081758081035	0.05989064110441301	subcortex	qc_covered	pearson	1225	1225
between-subject / between-dataset	63225	0.7360259131281546	0.6909981764147898	0.7725871181533825	0.7275266955701456	0.06173106550907355	subcortex	qc_covered	pearson	1225	1225
within-subject / within-dataset	1997	0.8942698123839782	0.8676347518518969	0.9147481699229286	0.8870396900982395	0.03982152269185965	subcortex	low_motion	pearson	1225	1225
within-subject / between-dataset	3029	0.8398938028347693	0.7947703102785731	0.8693327675928546	0.8270697537021566	0.05833859237106475	subcortex	low_motion	pearson	1225	1225
between-subject / within-dataset	9692	0.7538677617909426	0.7085655623592462	0.7876537850525512	0.7434291475505143	0.059702943325917635	subcortex	low_motion	pearson	1225	1225
between-subject / between-dataset	14202	0.7401906903055453	0.699514329216777	0.7750249979070479	0.7335003973330764	0.05702212358491474	subcortex	low_motion	pearson	1225	1225
within-subject / within-dataset	1886	0.8947595447890353	0.8679076764907148	0.9160817846682261	0.8872696490102228	0.03986445181238831	subcortex	high_tsnr	pearson	1225	1225
within-subject / between-dataset	2591	0.8384939687763234	0.7886716344886111	0.8668110735554423	0.8233061424002004	0.05980331225541364	subcortex	high_tsnr	pearson	1225	1225
between-subject / within-dataset	9161	0.7504527974655317	0.7082701706165984	0.783494004687333	0.7419786198924321	0.056344882296950866	subcortex	high_tsnr	pearson	1225	1225
between-subject / between-dataset	12013	0.7376959024940037	0.6997006706200084	0.7728378241884224	0.7331821943114835	0.05433541749052391	subcortex	high_tsnr	pearson	1225	1225
