gate	bin	n_pairs	median_min_duration_sec	q25	q75	n_sessions	domain
all	within-subject / within-title	1579	2425.72	1461.6899999999998	2732.66	383	movies
all	within-subject / between-title	10983	2425.72	1777.5699999999997	2732.66	383	movies
all	between-subject / within-title	7644	2379.5299999999997	1777.5699999999997	2749.0499999999997	383	movies
all	between-subject / between-title	52947	2354.2	1744.79	2720.74	383	movies
gated	within-subject / within-title	1130	2653.6899999999996	2310.99	2789.28	326	movies
gated	within-subject / between-title	8024	2652.2	2310.99	2796.73	326	movies
gated	between-subject / within-title	5642	2635.8100000000004	2294.6000000000004	2807.1600000000003	326	movies
gated	between-subject / between-title	38179	2589.62	2285.6600000000003	2807.1600000000003	326	movies
qc_covered	within-subject / within-title	1130	2653.6899999999996	2310.99	2789.28	326	movies
qc_covered	within-subject / between-title	8024	2652.2	2310.99	2796.73	326	movies
qc_covered	between-subject / within-title	5642	2635.8100000000004	2294.6000000000004	2807.1600000000003	326	movies
qc_covered	between-subject / between-title	38179	2589.62	2285.6600000000003	2807.1600000000003	326	movies
low_motion	within-subject / within-title	345	2687.96	2327.38	2771.4	165	movies
low_motion	within-subject / between-title	1966	2698.3900000000003	2428.7	2814.61	165	movies
low_motion	between-subject / within-title	1537	2686.4700000000003	2310.99	2813.1200000000003	165	movies
low_motion	between-subject / between-title	9682	2637.2999999999997	2370.59	2817.59	165	movies
high_tsnr	within-subject / within-title	328	2652.2000000000003	2308.755	2769.9100000000003	158	movies
high_tsnr	within-subject / between-title	1803	2680.51	2327.38	2771.4	158	movies
high_tsnr	between-subject / within-title	1392	2524.06	2205.2	2755.01	158	movies
high_tsnr	between-subject / between-title	8880	2544.92	2288.64	2768.4200000000005	158	movies
all	within-subject / within-dataset	1596	2248.41	1947.4299999999998	2786.3	164	videogames
all	within-subject / between-dataset	839	1832.7	1385.7	2154.5399999999995	164	videogames
all	between-subject / within-dataset	6202	2215.63	1938.4900000000002	2743.09	164	videogames
all	between-subject / between-dataset	4729	2032.3600000000001	1428.9099999999999	2656.6699999999996	164	videogames
gated	within-subject / within-dataset	1240	2656.6699999999996	2093.45	2828.0200000000004	138	videogames
gated	within-subject / between-dataset	429	2154.5399999999995	1972.7600000000002	2646.2400000000002	138	videogames
gated	between-subject / within-dataset	4821	2646.2400000000002	2090.4700000000003	2813.1200000000003	138	videogames
gated	between-subject / between-dataset	2963	2443.5999999999995	2066.63	2823.55	138	videogames
qc_covered	within-subject / within-dataset	136	2392.94	2077.06	3260.1200000000003	31	videogames
qc_covered	within-subject / between-dataset	0				31	videogames
qc_covered	between-subject / within-dataset	329	2090.4700000000003	1938.4900000000002	2589.62	31	videogames
qc_covered	between-subject / between-dataset	0				31	videogames
low_motion	within-subject / within-dataset	35	2443.5999999999995	2273.74	3272.0400000000004	16	videogames
low_motion	within-subject / between-dataset	0				16	videogames
low_motion	between-subject / within-dataset	85	2443.5999999999995	2066.6299999999997	2728.1900000000005	16	videogames
low_motion	between-subject / between-dataset	0				16	videogames
high_tsnr	within-subject / within-dataset	26	2769.91	2285.66	3272.0400000000004	14	videogames
high_tsnr	within-subject / between-dataset	0				14	videogames
high_tsnr	between-subject / within-dataset	65	2443.5999999999995	2066.6299999999997	2728.1900000000005	14	videogames
high_tsnr	between-subject / between-dataset	0				14	videogames
all	within-subject / within-dataset	15	2999.37	2190.2999999999993	3554.3949999999995	20	stories
all	within-subject / between-dataset	15	3020.23	2246.92	3598.35	20	stories
all	between-subject / within-dataset	100	2251.3899999999994	2190.2999999999993	3030.2875	20	stories
all	between-subject / between-dataset	60	3020.23	2242.4500000000003	3626.6599999999994	20	stories
gated	within-subject / within-dataset	13	3020.23	2251.3899999999994	3570.0400000000004	19	stories
gated	within-subject / between-dataset	14	3040.3450000000003	2418.2699999999995	3612.5049999999997	19	stories
gated	between-subject / within-dataset	88	2918.9100000000003	2229.4125	3060.46	19	stories
gated	between-subject / between-dataset	56	3040.3450000000003	2251.3899999999994	3626.6599999999994	19	stories
qc_covered	within-subject / within-dataset	13	3020.23	2251.3899999999994	3570.0400000000004	14	stories
qc_covered	within-subject / between-dataset	0				14	stories
qc_covered	between-subject / within-dataset	78	2251.3899999999994	2190.2999999999993	3020.23	14	stories
qc_covered	between-subject / between-dataset	0				14	stories
all	within-subject / within-dataset	4396	1047.4699999999998	880.5899999999999	1381.23	328	taskscapes
all	within-subject / between-dataset	7739	929.76	721.16	1104.09	328	taskscapes
all	between-subject / within-dataset	14305	1043.0000000000005	773.3100000000001	1196.4699999999998	328	taskscapes
all	between-subject / between-dataset	27188	943.17	728.6099999999999	1104.09	328	taskscapes
gated	within-subject / within-dataset	283	1948.9200000000003	1853.5600000000004	1948.9200000000003	49	taskscapes
gated	within-subject / between-dataset	0				49	taskscapes
gated	between-subject / within-dataset	893	1910.1800000000003	1853.5600000000004	1948.9200000000003	49	taskscapes
gated	between-subject / between-dataset	0				49	taskscapes
qc_covered	within-subject / within-dataset	69	1843.1300000000003	1834.1900000000003	1855.0500000000002	15	taskscapes
qc_covered	within-subject / between-dataset	0				15	taskscapes
qc_covered	between-subject / within-dataset	36	1846.1100000000004	1842.3850000000002	1853.5600000000004	15	taskscapes
qc_covered	between-subject / between-dataset	0				15	taskscapes
low_motion	within-subject / within-dataset	15	1890.8100000000004	1855.0500000000002	1899.7500000000002	6	taskscapes
low_motion	within-subject / between-dataset	0				6	taskscapes
low_motion	between-subject / within-dataset	0				6	taskscapes
low_motion	between-subject / between-dataset	0				6	taskscapes
high_tsnr	within-subject / within-dataset	15	1859.5200000000002	1834.1900000000003	1890.8100000000004	6	taskscapes
high_tsnr	within-subject / between-dataset	0				6	taskscapes
high_tsnr	between-subject / within-dataset	0				6	taskscapes
high_tsnr	between-subject / between-dataset	0				6	taskscapes
all	within-subject / within-dataset	393	1744.79	722.6500000000001	2291.62	114	localizers
all	within-subject / between-dataset	760	502.13	432.09999999999997	733.08	114	localizers
all	between-subject / within-dataset	1909	1841.64	1452.7499999999998	2193.28	114	localizers
all	between-subject / between-dataset	3379	534.9100000000001	435.08	825.46	114	localizers
gated	within-subject / within-dataset	189	2294.6	1998.09	2346.75	50	localizers
gated	within-subject / between-dataset	0				50	localizers
gated	between-subject / within-dataset	1036	2178.38	1995.11	2345.2599999999998	50	localizers
gated	between-subject / between-dataset	0				50	localizers
qc_covered	within-subject / within-dataset	189	2294.6	1998.09	2346.75	50	localizers
qc_covered	within-subject / between-dataset	0				50	localizers
qc_covered	between-subject / within-dataset	1036	2178.38	1995.11	2345.2599999999998	50	localizers
qc_covered	between-subject / between-dataset	0				50	localizers
low_motion	within-subject / within-dataset	49	2328.87	2294.6	2622.4	27	localizers
low_motion	within-subject / between-dataset	0				27	localizers
low_motion	between-subject / within-dataset	302	2318.44	2014.4799999999998	2464.46	27	localizers
low_motion	between-subject / between-dataset	0				27	localizers
high_tsnr	within-subject / within-dataset	34	2407.0950000000003	2297.58	2710.3100000000004	23	localizers
high_tsnr	within-subject / between-dataset	0				23	localizers
high_tsnr	between-subject / within-dataset	219	2349.73	2291.62	2515.1200000000003	23	localizers
high_tsnr	between-subject / between-dataset	0				23	localizers
