subject	lag_value	n	median	network	gate	measure
01	0	289	0.9487313207800031	Vis	all	pearson
01	1	486	0.9442647639959347	Vis	all	pearson
01	2	352	0.9433682334073858	Vis	all	pearson
01	3	288	0.9402379578751519	Vis	all	pearson
01	4	229	0.9372972204537339	Vis	all	pearson
01	5	126	0.9349272193691791	Vis	all	pearson
02	0	236	0.9522262810740952	Vis	all	pearson
02	1	392	0.9447509233326551	Vis	all	pearson
02	2	299	0.9400570635923202	Vis	all	pearson
02	3	247	0.9368726802807842	Vis	all	pearson
02	4	194	0.9297776401704734	Vis	all	pearson
02	5	117	0.9197908341154433	Vis	all	pearson
03	0	458	0.9536258895230012	Vis	all	pearson
03	1	830	0.9498619200043361	Vis	all	pearson
03	2	636	0.9473650205572146	Vis	all	pearson
03	3	496	0.9420683913027442	Vis	all	pearson
03	4	350	0.9390076431240755	Vis	all	pearson
03	5	156	0.9381665940145856	Vis	all	pearson
04	0	181	0.9592608432254913	Vis	all	pearson
04	1	300	0.9576932787578166	Vis	all	pearson
04	2	208	0.9536059906322423	Vis	all	pearson
04	3	120	0.9511396880558689	Vis	all	pearson
04	4	11	0.9453995037330544	Vis	all	pearson
05	0	140	0.946152902580883	Vis	all	pearson
05	1	250	0.9421860691853088	Vis	all	pearson
05	2	203	0.933234559928187	Vis	all	pearson
05	3	152	0.9250363602905393	Vis	all	pearson
05	4	98	0.9383880145602885	Vis	all	pearson
05	5	60	0.9209532530159665	Vis	all	pearson
06	0	218	0.9562842024017568	Vis	all	pearson
06	1	354	0.9520274703541685	Vis	all	pearson
06	2	239	0.951076261125319	Vis	all	pearson
06	3	200	0.945969992553513	Vis	all	pearson
06	4	144	0.9436533287092449	Vis	all	pearson
06	5	70	0.940879250895768	Vis	all	pearson
01	0	213	0.9527044876076057	Vis	gated	pearson
01	1	372	0.9479126422434172	Vis	gated	pearson
01	2	285	0.9455336146524875	Vis	gated	pearson
01	3	231	0.9437638805561885	Vis	gated	pearson
01	4	178	0.9399516711567177	Vis	gated	pearson
01	5	99	0.9381419448220853	Vis	gated	pearson
02	0	197	0.9545505626496813	Vis	gated	pearson
02	1	339	0.9471660139848069	Vis	gated	pearson
02	2	259	0.9430910427293503	Vis	gated	pearson
02	3	212	0.939834415314587	Vis	gated	pearson
02	4	169	0.9328713700091147	Vis	gated	pearson
02	5	99	0.9225082504429527	Vis	gated	pearson
03	0	332	0.9574094052509274	Vis	gated	pearson
03	1	581	0.9533460609679718	Vis	gated	pearson
03	2	484	0.9505693541411584	Vis	gated	pearson
03	3	364	0.9463585618732471	Vis	gated	pearson
03	4	240	0.9437384106533033	Vis	gated	pearson
03	5	144	0.939162563557409	Vis	gated	pearson
04	0	136	0.9614678331299309	Vis	gated	pearson
04	1	234	0.9606493132301053	Vis	gated	pearson
04	2	162	0.9579075646555686	Vis	gated	pearson
04	3	89	0.9537932145261383	Vis	gated	pearson
04	4	9	0.9490838433552099	Vis	gated	pearson
05	0	115	0.9499588255418112	Vis	gated	pearson
05	1	207	0.9462390636336703	Vis	gated	pearson
05	2	161	0.9394464811461527	Vis	gated	pearson
05	3	128	0.928006293720995	Vis	gated	pearson
05	4	85	0.9400727744653307	Vis	gated	pearson
05	5	45	0.924818444830267	Vis	gated	pearson
06	0	105	0.9619254855611804	Vis	gated	pearson
06	1	187	0.9588411016316796	Vis	gated	pearson
06	2	136	0.9553062582939467	Vis	gated	pearson
06	3	113	0.949391417178841	Vis	gated	pearson
06	4	85	0.9505001688384184	Vis	gated	pearson
06	5	40	0.9455967695918543	Vis	gated	pearson
01	0	213	0.9527044876076057	Vis	qc_covered	pearson
01	1	372	0.9479126422434172	Vis	qc_covered	pearson
01	2	285	0.9455336146524875	Vis	qc_covered	pearson
01	3	231	0.9437638805561885	Vis	qc_covered	pearson
01	4	178	0.9399516711567177	Vis	qc_covered	pearson
01	5	99	0.9381419448220853	Vis	qc_covered	pearson
02	0	197	0.9545505626496813	Vis	qc_covered	pearson
02	1	339	0.9471660139848069	Vis	qc_covered	pearson
02	2	259	0.9430910427293503	Vis	qc_covered	pearson
02	3	212	0.939834415314587	Vis	qc_covered	pearson
02	4	169	0.9328713700091147	Vis	qc_covered	pearson
02	5	99	0.9225082504429527	Vis	qc_covered	pearson
03	0	332	0.9574094052509274	Vis	qc_covered	pearson
03	1	581	0.9533460609679718	Vis	qc_covered	pearson
03	2	484	0.9505693541411584	Vis	qc_covered	pearson
03	3	364	0.9463585618732471	Vis	qc_covered	pearson
03	4	240	0.9437384106533033	Vis	qc_covered	pearson
03	5	144	0.939162563557409	Vis	qc_covered	pearson
04	0	136	0.9614678331299309	Vis	qc_covered	pearson
04	1	234	0.9606493132301053	Vis	qc_covered	pearson
04	2	162	0.9579075646555686	Vis	qc_covered	pearson
04	3	89	0.9537932145261383	Vis	qc_covered	pearson
04	4	9	0.9490838433552099	Vis	qc_covered	pearson
05	0	115	0.9499588255418112	Vis	qc_covered	pearson
05	1	207	0.9462390636336703	Vis	qc_covered	pearson
05	2	161	0.9394464811461527	Vis	qc_covered	pearson
05	3	128	0.928006293720995	Vis	qc_covered	pearson
05	4	85	0.9400727744653307	Vis	qc_covered	pearson
05	5	45	0.924818444830267	Vis	qc_covered	pearson
06	0	105	0.9619254855611804	Vis	qc_covered	pearson
06	1	187	0.9588411016316796	Vis	qc_covered	pearson
06	2	136	0.9553062582939467	Vis	qc_covered	pearson
06	3	113	0.949391417178841	Vis	qc_covered	pearson
06	4	85	0.9505001688384184	Vis	qc_covered	pearson
06	5	40	0.9455967695918543	Vis	qc_covered	pearson
01	0	58	0.9497795949652676	Vis	low_motion	pearson
01	1	90	0.9473796714700504	Vis	low_motion	pearson
01	2	54	0.9464839190769736	Vis	low_motion	pearson
01	3	50	0.945881125157684	Vis	low_motion	pearson
01	4	57	0.9399053961169579	Vis	low_motion	pearson
01	5	42	0.9368775952059067	Vis	low_motion	pearson
02	0	80	0.9540875284636867	Vis	low_motion	pearson
02	1	73	0.9497998344102533	Vis	low_motion	pearson
02	2	14	0.9478596355764084	Vis	low_motion	pearson
02	3	26	0.9452863882870959	Vis	low_motion	pearson
02	4	78	0.9210270786911435	Vis	low_motion	pearson
02	5	54	0.9252219441462954	Vis	low_motion	pearson
03	0	96	0.9587073691939155	Vis	low_motion	pearson
03	1	165	0.9555791770798024	Vis	low_motion	pearson
03	2	100	0.9525920799508188	Vis	low_motion	pearson
03	3	82	0.9419799937537261	Vis	low_motion	pearson
03	4	60	0.9431218598554788	Vis	low_motion	pearson
03	5	25	0.943558271812441	Vis	low_motion	pearson
04	0	34	0.9617159717610186	Vis	low_motion	pearson
04	1	68	0.9645703926785518	Vis	low_motion	pearson
04	2	39	0.9612925274498023	Vis	low_motion	pearson
04	3	12	0.9619074410551036	Vis	low_motion	pearson
05	0	39	0.9508875644959371	Vis	low_motion	pearson
05	1	45	0.9479440743892562	Vis	low_motion	pearson
05	2	22	0.9310091465368386	Vis	low_motion	pearson
05	3	30	0.9302125787598133	Vis	low_motion	pearson
05	4	38	0.9441531867603677	Vis	low_motion	pearson
05	5	16	0.919761520678487	Vis	low_motion	pearson
06	0	30	0.9620940798817654	Vis	low_motion	pearson
06	1	49	0.9600530129865057	Vis	low_motion	pearson
06	2	31	0.954327211443593	Vis	low_motion	pearson
06	3	29	0.949391417178841	Vis	low_motion	pearson
06	4	22	0.9532742079935164	Vis	low_motion	pearson
06	5	10	0.9457993715117394	Vis	low_motion	pearson
01	0	69	0.9512108762173672	Vis	high_tsnr	pearson
01	1	80	0.9492173355421769	Vis	high_tsnr	pearson
01	2	15	0.9473904297840352	Vis	high_tsnr	pearson
01	3	40	0.9446761074619668	Vis	high_tsnr	pearson
01	4	81	0.9403496381956158	Vis	high_tsnr	pearson
01	5	40	0.9368775952059067	Vis	high_tsnr	pearson
02	0	51	0.9533059535110883	Vis	high_tsnr	pearson
02	1	71	0.9468504835454492	Vis	high_tsnr	pearson
02	2	42	0.9374650671475424	Vis	high_tsnr	pearson
02	3	41	0.9340585146968094	Vis	high_tsnr	pearson
02	4	53	0.9295867124591064	Vis	high_tsnr	pearson
02	5	42	0.9202980335763723	Vis	high_tsnr	pearson
03	0	82	0.9589278734428159	Vis	high_tsnr	pearson
03	1	165	0.9546928048342554	Vis	high_tsnr	pearson
03	2	121	0.9508236744921256	Vis	high_tsnr	pearson
03	3	90	0.9440689206603631	Vis	high_tsnr	pearson
03	4	55	0.9446865981579147	Vis	high_tsnr	pearson
03	5	15	0.9313535817970686	Vis	high_tsnr	pearson
04	0	34	0.9631355271887976	Vis	high_tsnr	pearson
04	1	68	0.9624272024848881	Vis	high_tsnr	pearson
04	2	39	0.958061671888697	Vis	high_tsnr	pearson
04	3	12	0.9596216799820667	Vis	high_tsnr	pearson
05	0	42	0.9492562131114068	Vis	high_tsnr	pearson
05	1	49	0.9460384995896891	Vis	high_tsnr	pearson
05	2	12	0.9268680573879977	Vis	high_tsnr	pearson
05	3	31	0.9351083594562352	Vis	high_tsnr	pearson
05	4	29	0.9441355837439879	Vis	high_tsnr	pearson
05	5	8	0.9127084714249117	Vis	high_tsnr	pearson
06	0	44	0.958465989406138	Vis	high_tsnr	pearson
06	1	58	0.9549252090029247	Vis	high_tsnr	pearson
06	2	21	0.9542167076919349	Vis	high_tsnr	pearson
06	3	22	0.944734253611297	Vis	high_tsnr	pearson
06	4	8	0.9291102773869476	Vis	high_tsnr	pearson
01	0	289	0.9257603997937639	SomMot	all	pearson
01	1	486	0.9207729290153983	SomMot	all	pearson
01	2	352	0.9150069501161489	SomMot	all	pearson
01	3	288	0.9073520209535295	SomMot	all	pearson
01	4	229	0.9092725122009871	SomMot	all	pearson
01	5	126	0.9036745429619546	SomMot	all	pearson
02	0	236	0.906024750772548	SomMot	all	pearson
02	1	392	0.8956455971874702	SomMot	all	pearson
02	2	299	0.8880638697882456	SomMot	all	pearson
02	3	247	0.8852525581293309	SomMot	all	pearson
02	4	194	0.8735894572285533	SomMot	all	pearson
02	5	117	0.8544340598370738	SomMot	all	pearson
03	0	458	0.9145737176899189	SomMot	all	pearson
03	1	830	0.9101028373657207	SomMot	all	pearson
03	2	636	0.9078796049629048	SomMot	all	pearson
03	3	496	0.9059743562008185	SomMot	all	pearson
03	4	350	0.8938663785405637	SomMot	all	pearson
03	5	156	0.8971654445128283	SomMot	all	pearson
04	0	181	0.911661352451989	SomMot	all	pearson
04	1	300	0.9081371160144751	SomMot	all	pearson
04	2	208	0.9072064216654406	SomMot	all	pearson
04	3	120	0.9064291922294967	SomMot	all	pearson
04	4	11	0.9127893132945322	SomMot	all	pearson
05	0	140	0.9166538213002451	SomMot	all	pearson
05	1	250	0.9168013158655387	SomMot	all	pearson
05	2	203	0.9076872658886826	SomMot	all	pearson
05	3	152	0.9024438249746425	SomMot	all	pearson
05	4	98	0.9042547307298058	SomMot	all	pearson
05	5	60	0.8957949532429612	SomMot	all	pearson
06	0	218	0.9211263513012877	SomMot	all	pearson
06	1	354	0.9135378910318939	SomMot	all	pearson
06	2	239	0.9080342187548134	SomMot	all	pearson
06	3	200	0.9037689825514472	SomMot	all	pearson
06	4	144	0.8999913727954807	SomMot	all	pearson
06	5	70	0.8821575851881245	SomMot	all	pearson
01	0	213	0.9338989788356472	SomMot	gated	pearson
01	1	372	0.9255299642518406	SomMot	gated	pearson
01	2	285	0.9162919154387207	SomMot	gated	pearson
01	3	231	0.9101411419697546	SomMot	gated	pearson
01	4	178	0.911313159636324	SomMot	gated	pearson
01	5	99	0.9082937485427796	SomMot	gated	pearson
02	0	197	0.911810153415623	SomMot	gated	pearson
02	1	339	0.9013280196451366	SomMot	gated	pearson
02	2	259	0.8922355864789535	SomMot	gated	pearson
02	3	212	0.8885486945991713	SomMot	gated	pearson
02	4	169	0.8774746446925815	SomMot	gated	pearson
02	5	99	0.8557514426971542	SomMot	gated	pearson
03	0	332	0.9245698695632331	SomMot	gated	pearson
03	1	581	0.9187022902017026	SomMot	gated	pearson
03	2	484	0.9134732057380129	SomMot	gated	pearson
03	3	364	0.9125173869328369	SomMot	gated	pearson
03	4	240	0.9033261713999345	SomMot	gated	pearson
03	5	144	0.8998784579254118	SomMot	gated	pearson
04	0	136	0.9202070773654392	SomMot	gated	pearson
04	1	234	0.915476471025143	SomMot	gated	pearson
04	2	162	0.9133824175227828	SomMot	gated	pearson
04	3	89	0.9156670264889367	SomMot	gated	pearson
04	4	9	0.9127893132945322	SomMot	gated	pearson
05	0	115	0.921845858872422	SomMot	gated	pearson
05	1	207	0.9230558015011426	SomMot	gated	pearson
05	2	161	0.9137004622415325	SomMot	gated	pearson
05	3	128	0.9067586077981935	SomMot	gated	pearson
05	4	85	0.9071399101247787	SomMot	gated	pearson
05	5	45	0.89723054391331	SomMot	gated	pearson
06	0	105	0.934182631301897	SomMot	gated	pearson
06	1	187	0.9269512850882066	SomMot	gated	pearson
06	2	136	0.9179077076634976	SomMot	gated	pearson
06	3	113	0.9133392820638924	SomMot	gated	pearson
06	4	85	0.9041556570655747	SomMot	gated	pearson
06	5	40	0.8922402306990418	SomMot	gated	pearson
01	0	213	0.9338989788356472	SomMot	qc_covered	pearson
01	1	372	0.9255299642518406	SomMot	qc_covered	pearson
01	2	285	0.9162919154387207	SomMot	qc_covered	pearson
01	3	231	0.9101411419697546	SomMot	qc_covered	pearson
01	4	178	0.911313159636324	SomMot	qc_covered	pearson
01	5	99	0.9082937485427796	SomMot	qc_covered	pearson
02	0	197	0.911810153415623	SomMot	qc_covered	pearson
02	1	339	0.9013280196451366	SomMot	qc_covered	pearson
02	2	259	0.8922355864789535	SomMot	qc_covered	pearson
02	3	212	0.8885486945991713	SomMot	qc_covered	pearson
02	4	169	0.8774746446925815	SomMot	qc_covered	pearson
02	5	99	0.8557514426971542	SomMot	qc_covered	pearson
03	0	332	0.9245698695632331	SomMot	qc_covered	pearson
03	1	581	0.9187022902017026	SomMot	qc_covered	pearson
03	2	484	0.9134732057380129	SomMot	qc_covered	pearson
03	3	364	0.9125173869328369	SomMot	qc_covered	pearson
03	4	240	0.9033261713999345	SomMot	qc_covered	pearson
03	5	144	0.8998784579254118	SomMot	qc_covered	pearson
04	0	136	0.9202070773654392	SomMot	qc_covered	pearson
04	1	234	0.915476471025143	SomMot	qc_covered	pearson
04	2	162	0.9133824175227828	SomMot	qc_covered	pearson
04	3	89	0.9156670264889367	SomMot	qc_covered	pearson
04	4	9	0.9127893132945322	SomMot	qc_covered	pearson
05	0	115	0.921845858872422	SomMot	qc_covered	pearson
05	1	207	0.9230558015011426	SomMot	qc_covered	pearson
05	2	161	0.9137004622415325	SomMot	qc_covered	pearson
05	3	128	0.9067586077981935	SomMot	qc_covered	pearson
05	4	85	0.9071399101247787	SomMot	qc_covered	pearson
05	5	45	0.89723054391331	SomMot	qc_covered	pearson
06	0	105	0.934182631301897	SomMot	qc_covered	pearson
06	1	187	0.9269512850882066	SomMot	qc_covered	pearson
06	2	136	0.9179077076634976	SomMot	qc_covered	pearson
06	3	113	0.9133392820638924	SomMot	qc_covered	pearson
06	4	85	0.9041556570655747	SomMot	qc_covered	pearson
06	5	40	0.8922402306990418	SomMot	qc_covered	pearson
01	0	58	0.9277137653031975	SomMot	low_motion	pearson
01	1	90	0.9238771732579372	SomMot	low_motion	pearson
01	2	54	0.9202471331214854	SomMot	low_motion	pearson
01	3	50	0.9089547455833282	SomMot	low_motion	pearson
01	4	57	0.9114445035377129	SomMot	low_motion	pearson
01	5	42	0.9115534671989101	SomMot	low_motion	pearson
02	0	80	0.9059620248490552	SomMot	low_motion	pearson
02	1	73	0.9093552539908886	SomMot	low_motion	pearson
02	2	14	0.9070533937812072	SomMot	low_motion	pearson
02	3	26	0.8889375415177112	SomMot	low_motion	pearson
02	4	78	0.8702557644064279	SomMot	low_motion	pearson
02	5	54	0.8632186415254786	SomMot	low_motion	pearson
03	0	96	0.9162663708431983	SomMot	low_motion	pearson
03	1	165	0.9148036664170883	SomMot	low_motion	pearson
03	2	100	0.9131981515587742	SomMot	low_motion	pearson
03	3	82	0.9095646303016105	SomMot	low_motion	pearson
03	4	60	0.900751242588941	SomMot	low_motion	pearson
03	5	25	0.9055371961305341	SomMot	low_motion	pearson
04	0	34	0.9126450821994371	SomMot	low_motion	pearson
04	1	68	0.91819824881722	SomMot	low_motion	pearson
04	2	39	0.9170597255701851	SomMot	low_motion	pearson
04	3	12	0.9237570169875873	SomMot	low_motion	pearson
05	0	39	0.9186391868247126	SomMot	low_motion	pearson
05	1	45	0.9028866026189807	SomMot	low_motion	pearson
05	2	22	0.8999600875153397	SomMot	low_motion	pearson
05	3	30	0.8981244216009179	SomMot	low_motion	pearson
05	4	38	0.9157867615707624	SomMot	low_motion	pearson
05	5	16	0.887014998889514	SomMot	low_motion	pearson
06	0	30	0.929962653676797	SomMot	low_motion	pearson
06	1	49	0.9254169501019293	SomMot	low_motion	pearson
06	2	31	0.9102455560444209	SomMot	low_motion	pearson
06	3	29	0.9124973836923204	SomMot	low_motion	pearson
06	4	22	0.9035012504340953	SomMot	low_motion	pearson
06	5	10	0.8968874785423526	SomMot	low_motion	pearson
01	0	69	0.9344174068144294	SomMot	high_tsnr	pearson
01	1	80	0.9312527552729639	SomMot	high_tsnr	pearson
01	2	15	0.9293898339528662	SomMot	high_tsnr	pearson
01	3	40	0.924162817003482	SomMot	high_tsnr	pearson
01	4	81	0.9125207152681307	SomMot	high_tsnr	pearson
01	5	40	0.9125745359601669	SomMot	high_tsnr	pearson
02	0	51	0.9087414755875078	SomMot	high_tsnr	pearson
02	1	71	0.8977901156401932	SomMot	high_tsnr	pearson
02	2	42	0.8897833315881993	SomMot	high_tsnr	pearson
02	3	41	0.8876135465626499	SomMot	high_tsnr	pearson
02	4	53	0.8755391221999393	SomMot	high_tsnr	pearson
02	5	42	0.8567795419031774	SomMot	high_tsnr	pearson
03	0	82	0.9255546503564486	SomMot	high_tsnr	pearson
03	1	165	0.9214009003575447	SomMot	high_tsnr	pearson
03	2	121	0.9145584427838925	SomMot	high_tsnr	pearson
03	3	90	0.9142261977215622	SomMot	high_tsnr	pearson
03	4	55	0.9119291151359157	SomMot	high_tsnr	pearson
03	5	15	0.9020999186499487	SomMot	high_tsnr	pearson
04	0	34	0.9209307907603823	SomMot	high_tsnr	pearson
04	1	68	0.9172828593354455	SomMot	high_tsnr	pearson
04	2	39	0.9156617395473541	SomMot	high_tsnr	pearson
04	3	12	0.9345160145189603	SomMot	high_tsnr	pearson
05	0	42	0.9145390272268356	SomMot	high_tsnr	pearson
05	1	49	0.9089771224397474	SomMot	high_tsnr	pearson
05	2	12	0.9052057606377955	SomMot	high_tsnr	pearson
05	3	31	0.9115143922305057	SomMot	high_tsnr	pearson
05	4	29	0.9071399101247787	SomMot	high_tsnr	pearson
05	5	8	0.8784491454210561	SomMot	high_tsnr	pearson
06	0	44	0.9291445313621028	SomMot	high_tsnr	pearson
06	1	58	0.9218052029478594	SomMot	high_tsnr	pearson
06	2	21	0.9080342187548134	SomMot	high_tsnr	pearson
06	3	22	0.8970507214250726	SomMot	high_tsnr	pearson
06	4	8	0.8889548126940664	SomMot	high_tsnr	pearson
01	0	289	0.9348061144698565	DorsAttn	all	pearson
01	1	486	0.9350847095834954	DorsAttn	all	pearson
01	2	352	0.9331987027943014	DorsAttn	all	pearson
01	3	288	0.9287718425894892	DorsAttn	all	pearson
01	4	229	0.9231461141541852	DorsAttn	all	pearson
01	5	126	0.922615157177716	DorsAttn	all	pearson
02	0	236	0.9295104973558669	DorsAttn	all	pearson
02	1	392	0.9310748048406117	DorsAttn	all	pearson
02	2	299	0.9279607770527455	DorsAttn	all	pearson
02	3	247	0.9212806017582651	DorsAttn	all	pearson
02	4	194	0.9089487998864301	DorsAttn	all	pearson
02	5	117	0.8950958642370173	DorsAttn	all	pearson
03	0	458	0.9545820632939075	DorsAttn	all	pearson
03	1	830	0.9516837065930858	DorsAttn	all	pearson
03	2	636	0.9503893786072982	DorsAttn	all	pearson
03	3	496	0.9462742330111568	DorsAttn	all	pearson
03	4	350	0.9389771008085734	DorsAttn	all	pearson
03	5	156	0.9378011380666531	DorsAttn	all	pearson
04	0	181	0.9540317439754832	DorsAttn	all	pearson
04	1	300	0.95155469778333	DorsAttn	all	pearson
04	2	208	0.9494976590736095	DorsAttn	all	pearson
04	3	120	0.9512404142622353	DorsAttn	all	pearson
04	4	11	0.9521722382213149	DorsAttn	all	pearson
05	0	140	0.9408472237978173	DorsAttn	all	pearson
05	1	250	0.9409687618441223	DorsAttn	all	pearson
05	2	203	0.9346760688000854	DorsAttn	all	pearson
05	3	152	0.9296152517193559	DorsAttn	all	pearson
05	4	98	0.9285029405789655	DorsAttn	all	pearson
05	5	60	0.9128439499792065	DorsAttn	all	pearson
06	0	218	0.949061061714295	DorsAttn	all	pearson
06	1	354	0.9458022405616431	DorsAttn	all	pearson
06	2	239	0.9458677396871692	DorsAttn	all	pearson
06	3	200	0.9341642409288756	DorsAttn	all	pearson
06	4	144	0.929725329692042	DorsAttn	all	pearson
06	5	70	0.9188916880864801	DorsAttn	all	pearson
01	0	213	0.9430693378455903	DorsAttn	gated	pearson
01	1	372	0.9408510015647861	DorsAttn	gated	pearson
01	2	285	0.9377686833099189	DorsAttn	gated	pearson
01	3	231	0.9325592460721369	DorsAttn	gated	pearson
01	4	178	0.927423972814685	DorsAttn	gated	pearson
01	5	99	0.9257009172498241	DorsAttn	gated	pearson
02	0	197	0.9342957123399767	DorsAttn	gated	pearson
02	1	339	0.9354245907821129	DorsAttn	gated	pearson
02	2	259	0.9311614871177025	DorsAttn	gated	pearson
02	3	212	0.9250202567486355	DorsAttn	gated	pearson
02	4	169	0.9102351265058113	DorsAttn	gated	pearson
02	5	99	0.8970897450703261	DorsAttn	gated	pearson
03	0	332	0.9584475869465442	DorsAttn	gated	pearson
03	1	581	0.9563155387268718	DorsAttn	gated	pearson
03	2	484	0.9534899890802828	DorsAttn	gated	pearson
03	3	364	0.9504237247197853	DorsAttn	gated	pearson
03	4	240	0.946179532888442	DorsAttn	gated	pearson
03	5	144	0.9395902451579163	DorsAttn	gated	pearson
04	0	136	0.9584703302660644	DorsAttn	gated	pearson
04	1	234	0.956336402128497	DorsAttn	gated	pearson
04	2	162	0.95480915681094	DorsAttn	gated	pearson
04	3	89	0.9563882052745345	DorsAttn	gated	pearson
04	4	9	0.9535785532918426	DorsAttn	gated	pearson
05	0	115	0.9446603884553412	DorsAttn	gated	pearson
05	1	207	0.9459258369887144	DorsAttn	gated	pearson
05	2	161	0.9402913223604857	DorsAttn	gated	pearson
05	3	128	0.932293230237671	DorsAttn	gated	pearson
05	4	85	0.9311767646635377	DorsAttn	gated	pearson
05	5	45	0.9192709214635607	DorsAttn	gated	pearson
06	0	105	0.958994194863118	DorsAttn	gated	pearson
06	1	187	0.9547070160441451	DorsAttn	gated	pearson
06	2	136	0.9532872963586126	DorsAttn	gated	pearson
06	3	113	0.9452497966329764	DorsAttn	gated	pearson
06	4	85	0.9394309938072921	DorsAttn	gated	pearson
06	5	40	0.9233890847703634	DorsAttn	gated	pearson
01	0	213	0.9430693378455903	DorsAttn	qc_covered	pearson
01	1	372	0.9408510015647861	DorsAttn	qc_covered	pearson
01	2	285	0.9377686833099189	DorsAttn	qc_covered	pearson
01	3	231	0.9325592460721369	DorsAttn	qc_covered	pearson
01	4	178	0.927423972814685	DorsAttn	qc_covered	pearson
01	5	99	0.9257009172498241	DorsAttn	qc_covered	pearson
02	0	197	0.9342957123399767	DorsAttn	qc_covered	pearson
02	1	339	0.9354245907821129	DorsAttn	qc_covered	pearson
02	2	259	0.9311614871177025	DorsAttn	qc_covered	pearson
02	3	212	0.9250202567486355	DorsAttn	qc_covered	pearson
02	4	169	0.9102351265058113	DorsAttn	qc_covered	pearson
02	5	99	0.8970897450703261	DorsAttn	qc_covered	pearson
03	0	332	0.9584475869465442	DorsAttn	qc_covered	pearson
03	1	581	0.9563155387268718	DorsAttn	qc_covered	pearson
03	2	484	0.9534899890802828	DorsAttn	qc_covered	pearson
03	3	364	0.9504237247197853	DorsAttn	qc_covered	pearson
03	4	240	0.946179532888442	DorsAttn	qc_covered	pearson
03	5	144	0.9395902451579163	DorsAttn	qc_covered	pearson
04	0	136	0.9584703302660644	DorsAttn	qc_covered	pearson
04	1	234	0.956336402128497	DorsAttn	qc_covered	pearson
04	2	162	0.95480915681094	DorsAttn	qc_covered	pearson
04	3	89	0.9563882052745345	DorsAttn	qc_covered	pearson
04	4	9	0.9535785532918426	DorsAttn	qc_covered	pearson
05	0	115	0.9446603884553412	DorsAttn	qc_covered	pearson
05	1	207	0.9459258369887144	DorsAttn	qc_covered	pearson
05	2	161	0.9402913223604857	DorsAttn	qc_covered	pearson
05	3	128	0.932293230237671	DorsAttn	qc_covered	pearson
05	4	85	0.9311767646635377	DorsAttn	qc_covered	pearson
05	5	45	0.9192709214635607	DorsAttn	qc_covered	pearson
06	0	105	0.958994194863118	DorsAttn	qc_covered	pearson
06	1	187	0.9547070160441451	DorsAttn	qc_covered	pearson
06	2	136	0.9532872963586126	DorsAttn	qc_covered	pearson
06	3	113	0.9452497966329764	DorsAttn	qc_covered	pearson
06	4	85	0.9394309938072921	DorsAttn	qc_covered	pearson
06	5	40	0.9233890847703634	DorsAttn	qc_covered	pearson
01	0	58	0.9345289339890361	DorsAttn	low_motion	pearson
01	1	90	0.9411580015238997	DorsAttn	low_motion	pearson
01	2	54	0.9421966881899743	DorsAttn	low_motion	pearson
01	3	50	0.9393673187148296	DorsAttn	low_motion	pearson
01	4	57	0.9306336616887918	DorsAttn	low_motion	pearson
01	5	42	0.9286491308881542	DorsAttn	low_motion	pearson
02	0	80	0.9303337850368988	DorsAttn	low_motion	pearson
02	1	73	0.9385773538448252	DorsAttn	low_motion	pearson
02	2	14	0.9418813629929192	DorsAttn	low_motion	pearson
02	3	26	0.9293581805097904	DorsAttn	low_motion	pearson
02	4	78	0.9066277741413127	DorsAttn	low_motion	pearson
02	5	54	0.9007300824026528	DorsAttn	low_motion	pearson
03	0	96	0.959895669471674	DorsAttn	low_motion	pearson
03	1	165	0.9562170307769531	DorsAttn	low_motion	pearson
03	2	100	0.9542627629257998	DorsAttn	low_motion	pearson
03	3	82	0.9516942603592451	DorsAttn	low_motion	pearson
03	4	60	0.946218618685188	DorsAttn	low_motion	pearson
03	5	25	0.9399776140890511	DorsAttn	low_motion	pearson
04	0	34	0.9578895520017445	DorsAttn	low_motion	pearson
04	1	68	0.9572678204195002	DorsAttn	low_motion	pearson
04	2	39	0.9591671477395817	DorsAttn	low_motion	pearson
04	3	12	0.9620157347729595	DorsAttn	low_motion	pearson
05	0	39	0.9420903947856416	DorsAttn	low_motion	pearson
05	1	45	0.9445726952768217	DorsAttn	low_motion	pearson
05	2	22	0.9324018479938065	DorsAttn	low_motion	pearson
05	3	30	0.9394812498069184	DorsAttn	low_motion	pearson
05	4	38	0.9371937413349887	DorsAttn	low_motion	pearson
05	5	16	0.926087233552761	DorsAttn	low_motion	pearson
06	0	30	0.958427959312296	DorsAttn	low_motion	pearson
06	1	49	0.9545840507736625	DorsAttn	low_motion	pearson
06	2	31	0.9553594305658542	DorsAttn	low_motion	pearson
06	3	29	0.9443682414519943	DorsAttn	low_motion	pearson
06	4	22	0.9421377715901791	DorsAttn	low_motion	pearson
06	5	10	0.9295516102660504	DorsAttn	low_motion	pearson
01	0	69	0.9444972580859424	DorsAttn	high_tsnr	pearson
01	1	80	0.9400166847307936	DorsAttn	high_tsnr	pearson
01	2	15	0.9446041824603961	DorsAttn	high_tsnr	pearson
01	3	40	0.9395655267313698	DorsAttn	high_tsnr	pearson
01	4	81	0.9337963871902996	DorsAttn	high_tsnr	pearson
01	5	40	0.9302366020163195	DorsAttn	high_tsnr	pearson
02	0	51	0.9276819305322346	DorsAttn	high_tsnr	pearson
02	1	71	0.934729473679658	DorsAttn	high_tsnr	pearson
02	2	42	0.9340497297047718	DorsAttn	high_tsnr	pearson
02	3	41	0.9280416860165073	DorsAttn	high_tsnr	pearson
02	4	53	0.9086429006070158	DorsAttn	high_tsnr	pearson
02	5	42	0.891032452259597	DorsAttn	high_tsnr	pearson
03	0	82	0.9604966945975015	DorsAttn	high_tsnr	pearson
03	1	165	0.9592625575158304	DorsAttn	high_tsnr	pearson
03	2	121	0.9561818524837186	DorsAttn	high_tsnr	pearson
03	3	90	0.9543407324569253	DorsAttn	high_tsnr	pearson
03	4	55	0.9499893794127429	DorsAttn	high_tsnr	pearson
03	5	15	0.9469139709969776	DorsAttn	high_tsnr	pearson
04	0	34	0.9561517108551747	DorsAttn	high_tsnr	pearson
04	1	68	0.9569747747536399	DorsAttn	high_tsnr	pearson
04	2	39	0.9572447374300433	DorsAttn	high_tsnr	pearson
04	3	12	0.964766364803358	DorsAttn	high_tsnr	pearson
05	0	42	0.9370561468048795	DorsAttn	high_tsnr	pearson
05	1	49	0.9394534827527242	DorsAttn	high_tsnr	pearson
05	2	12	0.9382704227695171	DorsAttn	high_tsnr	pearson
05	3	31	0.9365971917333571	DorsAttn	high_tsnr	pearson
05	4	29	0.9314076383526821	DorsAttn	high_tsnr	pearson
05	5	8	0.9022867551405878	DorsAttn	high_tsnr	pearson
06	0	44	0.953187754124178	DorsAttn	high_tsnr	pearson
06	1	58	0.9467007259620162	DorsAttn	high_tsnr	pearson
06	2	21	0.9517379602827651	DorsAttn	high_tsnr	pearson
06	3	22	0.9292585602652024	DorsAttn	high_tsnr	pearson
06	4	8	0.9140246901264204	DorsAttn	high_tsnr	pearson
01	0	289	0.9136735012774788	SalVentAttn	all	pearson
01	1	486	0.9118227294207433	SalVentAttn	all	pearson
01	2	352	0.9100158085796064	SalVentAttn	all	pearson
01	3	288	0.9043034953870754	SalVentAttn	all	pearson
01	4	229	0.8975289486748236	SalVentAttn	all	pearson
01	5	126	0.8920481187871563	SalVentAttn	all	pearson
02	0	236	0.9172286534456078	SalVentAttn	all	pearson
02	1	392	0.9059753294388577	SalVentAttn	all	pearson
02	2	299	0.8973750399995966	SalVentAttn	all	pearson
02	3	247	0.9009512763619328	SalVentAttn	all	pearson
02	4	194	0.8964888420778006	SalVentAttn	all	pearson
02	5	117	0.8805259678134518	SalVentAttn	all	pearson
03	0	458	0.9407351627485179	SalVentAttn	all	pearson
03	1	830	0.9347138546085269	SalVentAttn	all	pearson
03	2	636	0.9323106657627696	SalVentAttn	all	pearson
03	3	496	0.9278403415924596	SalVentAttn	all	pearson
03	4	350	0.9231761475508469	SalVentAttn	all	pearson
03	5	156	0.921908648063105	SalVentAttn	all	pearson
04	0	181	0.9447516206127586	SalVentAttn	all	pearson
04	1	300	0.944632615824026	SalVentAttn	all	pearson
04	2	208	0.9409908033673383	SalVentAttn	all	pearson
04	3	120	0.9393534557764642	SalVentAttn	all	pearson
04	4	11	0.9330108641598258	SalVentAttn	all	pearson
05	0	140	0.9166325217470546	SalVentAttn	all	pearson
05	1	250	0.9171371302325133	SalVentAttn	all	pearson
05	2	203	0.9109797475207729	SalVentAttn	all	pearson
05	3	152	0.9044128077335126	SalVentAttn	all	pearson
05	4	98	0.9070286135412637	SalVentAttn	all	pearson
05	5	60	0.8916109633733902	SalVentAttn	all	pearson
06	0	218	0.9101852398055613	SalVentAttn	all	pearson
06	1	354	0.9096044217014074	SalVentAttn	all	pearson
06	2	239	0.9059086399896997	SalVentAttn	all	pearson
06	3	200	0.8960639772433261	SalVentAttn	all	pearson
06	4	144	0.8938920152521725	SalVentAttn	all	pearson
06	5	70	0.88385188528573	SalVentAttn	all	pearson
01	0	213	0.9241309582634657	SalVentAttn	gated	pearson
01	1	372	0.9180378924565502	SalVentAttn	gated	pearson
01	2	285	0.9140489436024575	SalVentAttn	gated	pearson
01	3	231	0.9093744639964407	SalVentAttn	gated	pearson
01	4	178	0.9034544080901532	SalVentAttn	gated	pearson
01	5	99	0.8984814801854585	SalVentAttn	gated	pearson
02	0	197	0.9215767321723275	SalVentAttn	gated	pearson
02	1	339	0.9104717567343151	SalVentAttn	gated	pearson
02	2	259	0.9029545338650875	SalVentAttn	gated	pearson
02	3	212	0.90703653263762	SalVentAttn	gated	pearson
02	4	169	0.8996145201078326	SalVentAttn	gated	pearson
02	5	99	0.8805259678134518	SalVentAttn	gated	pearson
03	0	332	0.9476869609563511	SalVentAttn	gated	pearson
03	1	581	0.9403335382174707	SalVentAttn	gated	pearson
03	2	484	0.9361219649245972	SalVentAttn	gated	pearson
03	3	364	0.932886134819934	SalVentAttn	gated	pearson
03	4	240	0.9296316263824661	SalVentAttn	gated	pearson
03	5	144	0.9227004462569273	SalVentAttn	gated	pearson
04	0	136	0.9483776100211956	SalVentAttn	gated	pearson
04	1	234	0.948041833913519	SalVentAttn	gated	pearson
04	2	162	0.9438461736286605	SalVentAttn	gated	pearson
04	3	89	0.9436631088643989	SalVentAttn	gated	pearson
04	4	9	0.9336970956641523	SalVentAttn	gated	pearson
05	0	115	0.9211844722555971	SalVentAttn	gated	pearson
05	1	207	0.9224227716710792	SalVentAttn	gated	pearson
05	2	161	0.9169955052719955	SalVentAttn	gated	pearson
05	3	128	0.9122468331056877	SalVentAttn	gated	pearson
05	4	85	0.909962915688188	SalVentAttn	gated	pearson
05	5	45	0.8979518595411112	SalVentAttn	gated	pearson
06	0	105	0.9271105545564039	SalVentAttn	gated	pearson
06	1	187	0.9218230861315436	SalVentAttn	gated	pearson
06	2	136	0.9155563087469365	SalVentAttn	gated	pearson
06	3	113	0.9066531401563714	SalVentAttn	gated	pearson
06	4	85	0.9057522116402708	SalVentAttn	gated	pearson
06	5	40	0.8987904651536264	SalVentAttn	gated	pearson
01	0	213	0.9241309582634657	SalVentAttn	qc_covered	pearson
01	1	372	0.9180378924565502	SalVentAttn	qc_covered	pearson
01	2	285	0.9140489436024575	SalVentAttn	qc_covered	pearson
01	3	231	0.9093744639964407	SalVentAttn	qc_covered	pearson
01	4	178	0.9034544080901532	SalVentAttn	qc_covered	pearson
01	5	99	0.8984814801854585	SalVentAttn	qc_covered	pearson
02	0	197	0.9215767321723275	SalVentAttn	qc_covered	pearson
02	1	339	0.9104717567343151	SalVentAttn	qc_covered	pearson
02	2	259	0.9029545338650875	SalVentAttn	qc_covered	pearson
02	3	212	0.90703653263762	SalVentAttn	qc_covered	pearson
02	4	169	0.8996145201078326	SalVentAttn	qc_covered	pearson
02	5	99	0.8805259678134518	SalVentAttn	qc_covered	pearson
03	0	332	0.9476869609563511	SalVentAttn	qc_covered	pearson
03	1	581	0.9403335382174707	SalVentAttn	qc_covered	pearson
03	2	484	0.9361219649245972	SalVentAttn	qc_covered	pearson
03	3	364	0.932886134819934	SalVentAttn	qc_covered	pearson
03	4	240	0.9296316263824661	SalVentAttn	qc_covered	pearson
03	5	144	0.9227004462569273	SalVentAttn	qc_covered	pearson
04	0	136	0.9483776100211956	SalVentAttn	qc_covered	pearson
04	1	234	0.948041833913519	SalVentAttn	qc_covered	pearson
04	2	162	0.9438461736286605	SalVentAttn	qc_covered	pearson
04	3	89	0.9436631088643989	SalVentAttn	qc_covered	pearson
04	4	9	0.9336970956641523	SalVentAttn	qc_covered	pearson
05	0	115	0.9211844722555971	SalVentAttn	qc_covered	pearson
05	1	207	0.9224227716710792	SalVentAttn	qc_covered	pearson
05	2	161	0.9169955052719955	SalVentAttn	qc_covered	pearson
05	3	128	0.9122468331056877	SalVentAttn	qc_covered	pearson
05	4	85	0.909962915688188	SalVentAttn	qc_covered	pearson
05	5	45	0.8979518595411112	SalVentAttn	qc_covered	pearson
06	0	105	0.9271105545564039	SalVentAttn	qc_covered	pearson
06	1	187	0.9218230861315436	SalVentAttn	qc_covered	pearson
06	2	136	0.9155563087469365	SalVentAttn	qc_covered	pearson
06	3	113	0.9066531401563714	SalVentAttn	qc_covered	pearson
06	4	85	0.9057522116402708	SalVentAttn	qc_covered	pearson
06	5	40	0.8987904651536264	SalVentAttn	qc_covered	pearson
01	0	58	0.9116626652490019	SalVentAttn	low_motion	pearson
01	1	90	0.9156006475063213	SalVentAttn	low_motion	pearson
01	2	54	0.9157414754951364	SalVentAttn	low_motion	pearson
01	3	50	0.9133395127200485	SalVentAttn	low_motion	pearson
01	4	57	0.9035810266314244	SalVentAttn	low_motion	pearson
01	5	42	0.8969751081619788	SalVentAttn	low_motion	pearson
02	0	80	0.9204646276780175	SalVentAttn	low_motion	pearson
02	1	73	0.9297535495034318	SalVentAttn	low_motion	pearson
02	2	14	0.9267799478294387	SalVentAttn	low_motion	pearson
02	3	26	0.9131294668732748	SalVentAttn	low_motion	pearson
02	4	78	0.8916533288167796	SalVentAttn	low_motion	pearson
02	5	54	0.8879872662386965	SalVentAttn	low_motion	pearson
03	0	96	0.9441562335305691	SalVentAttn	low_motion	pearson
03	1	165	0.9386570924945254	SalVentAttn	low_motion	pearson
03	2	100	0.9370975813651955	SalVentAttn	low_motion	pearson
03	3	82	0.9277340440821098	SalVentAttn	low_motion	pearson
03	4	60	0.9268504917853035	SalVentAttn	low_motion	pearson
03	5	25	0.9272712177967881	SalVentAttn	low_motion	pearson
04	0	34	0.9469973393638089	SalVentAttn	low_motion	pearson
04	1	68	0.9494268749084647	SalVentAttn	low_motion	pearson
04	2	39	0.9491222202336685	SalVentAttn	low_motion	pearson
04	3	12	0.9454360414317216	SalVentAttn	low_motion	pearson
05	0	39	0.91606249002252	SalVentAttn	low_motion	pearson
05	1	45	0.9145158963278345	SalVentAttn	low_motion	pearson
05	2	22	0.9020231165472117	SalVentAttn	low_motion	pearson
05	3	30	0.9125379180584273	SalVentAttn	low_motion	pearson
05	4	38	0.9118751960977847	SalVentAttn	low_motion	pearson
05	5	16	0.8956323151809378	SalVentAttn	low_motion	pearson
06	0	30	0.932799768225288	SalVentAttn	low_motion	pearson
06	1	49	0.9218230861315436	SalVentAttn	low_motion	pearson
06	2	31	0.9071041260320462	SalVentAttn	low_motion	pearson
06	3	29	0.9031212527880665	SalVentAttn	low_motion	pearson
06	4	22	0.9103708667551211	SalVentAttn	low_motion	pearson
06	5	10	0.9016173185407694	SalVentAttn	low_motion	pearson
01	0	69	0.9184771734731512	SalVentAttn	high_tsnr	pearson
01	1	80	0.9124966412134534	SalVentAttn	high_tsnr	pearson
01	2	15	0.930284835562971	SalVentAttn	high_tsnr	pearson
01	3	40	0.9152639910176543	SalVentAttn	high_tsnr	pearson
01	4	81	0.9034244825774571	SalVentAttn	high_tsnr	pearson
01	5	40	0.8939186594319126	SalVentAttn	high_tsnr	pearson
02	0	51	0.9201469890436494	SalVentAttn	high_tsnr	pearson
02	1	71	0.9156561331435419	SalVentAttn	high_tsnr	pearson
02	2	42	0.8959011274718571	SalVentAttn	high_tsnr	pearson
02	3	41	0.9006087209408489	SalVentAttn	high_tsnr	pearson
02	4	53	0.8920743096088595	SalVentAttn	high_tsnr	pearson
02	5	42	0.8798679633715386	SalVentAttn	high_tsnr	pearson
03	0	82	0.9475959398083135	SalVentAttn	high_tsnr	pearson
03	1	165	0.9439189441951101	SalVentAttn	high_tsnr	pearson
03	2	121	0.9387289554208139	SalVentAttn	high_tsnr	pearson
03	3	90	0.9329327660249288	SalVentAttn	high_tsnr	pearson
03	4	55	0.9312949164901054	SalVentAttn	high_tsnr	pearson
03	5	15	0.9272712177967881	SalVentAttn	high_tsnr	pearson
04	0	34	0.9500451670735207	SalVentAttn	high_tsnr	pearson
04	1	68	0.9499038992386284	SalVentAttn	high_tsnr	pearson
04	2	39	0.950445988347613	SalVentAttn	high_tsnr	pearson
04	3	12	0.9524930119983575	SalVentAttn	high_tsnr	pearson
05	0	42	0.9133464447034405	SalVentAttn	high_tsnr	pearson
05	1	49	0.9145158963278345	SalVentAttn	high_tsnr	pearson
05	2	12	0.9057040151600539	SalVentAttn	high_tsnr	pearson
05	3	31	0.9127198922898292	SalVentAttn	high_tsnr	pearson
05	4	29	0.9092382710340897	SalVentAttn	high_tsnr	pearson
05	5	8	0.8926922264258218	SalVentAttn	high_tsnr	pearson
06	0	44	0.9234778187386857	SalVentAttn	high_tsnr	pearson
06	1	58	0.9137519374840918	SalVentAttn	high_tsnr	pearson
06	2	21	0.9067051190042233	SalVentAttn	high_tsnr	pearson
06	3	22	0.889468825296851	SalVentAttn	high_tsnr	pearson
06	4	8	0.8571451695425826	SalVentAttn	high_tsnr	pearson
01	0	289	0.7715663682803413	Limbic	all	pearson
01	1	486	0.7530603283929092	Limbic	all	pearson
01	2	352	0.7393185629183654	Limbic	all	pearson
01	3	288	0.7225743961262231	Limbic	all	pearson
01	4	229	0.7112785179293942	Limbic	all	pearson
01	5	126	0.7254220284532348	Limbic	all	pearson
02	0	236	0.9062498993520853	Limbic	all	pearson
02	1	392	0.8937341413257383	Limbic	all	pearson
02	2	299	0.8883006481632669	Limbic	all	pearson
02	3	247	0.8799589366402206	Limbic	all	pearson
02	4	194	0.8659197191744525	Limbic	all	pearson
02	5	117	0.8521821370891325	Limbic	all	pearson
03	0	458	0.8782220922590305	Limbic	all	pearson
03	1	830	0.8662965637854885	Limbic	all	pearson
03	2	636	0.8533920057304456	Limbic	all	pearson
03	3	496	0.8451745895604349	Limbic	all	pearson
03	4	350	0.8419386759942623	Limbic	all	pearson
03	5	156	0.8342795544994628	Limbic	all	pearson
04	0	181	0.8574365347716545	Limbic	all	pearson
04	1	300	0.8488661677749405	Limbic	all	pearson
04	2	208	0.844797165794548	Limbic	all	pearson
04	3	120	0.8372056682190239	Limbic	all	pearson
04	4	11	0.8015863785250606	Limbic	all	pearson
05	0	140	0.8539935667491546	Limbic	all	pearson
05	1	250	0.8488996620317024	Limbic	all	pearson
05	2	203	0.8316889518013224	Limbic	all	pearson
05	3	152	0.8353956171724173	Limbic	all	pearson
05	4	98	0.8320154969679483	Limbic	all	pearson
05	5	60	0.825274345128993	Limbic	all	pearson
06	0	218	0.8905276001179308	Limbic	all	pearson
06	1	354	0.8811664950216839	Limbic	all	pearson
06	2	239	0.8819043639611414	Limbic	all	pearson
06	3	200	0.8763609184094833	Limbic	all	pearson
06	4	144	0.8700672463897838	Limbic	all	pearson
06	5	70	0.8628696040474241	Limbic	all	pearson
01	0	213	0.7912759282947829	Limbic	gated	pearson
01	1	372	0.7673654534244534	Limbic	gated	pearson
01	2	285	0.7477877406891252	Limbic	gated	pearson
01	3	231	0.7320786662997311	Limbic	gated	pearson
01	4	178	0.7203308910142615	Limbic	gated	pearson
01	5	99	0.7315688887038123	Limbic	gated	pearson
02	0	197	0.9112049545111299	Limbic	gated	pearson
02	1	339	0.8987154646946905	Limbic	gated	pearson
02	2	259	0.8924629835626255	Limbic	gated	pearson
02	3	212	0.8829358198249551	Limbic	gated	pearson
02	4	169	0.8683719607861415	Limbic	gated	pearson
02	5	99	0.8531733621112587	Limbic	gated	pearson
03	0	332	0.8847545961429586	Limbic	gated	pearson
03	1	581	0.8749118352232885	Limbic	gated	pearson
03	2	484	0.857984297657286	Limbic	gated	pearson
03	3	364	0.85356261578806	Limbic	gated	pearson
03	4	240	0.8486284469374528	Limbic	gated	pearson
03	5	144	0.8370294298611716	Limbic	gated	pearson
04	0	136	0.8647586542427084	Limbic	gated	pearson
04	1	234	0.8567531835028755	Limbic	gated	pearson
04	2	162	0.8527510028136103	Limbic	gated	pearson
04	3	89	0.8440904178324247	Limbic	gated	pearson
04	4	9	0.8064206809141468	Limbic	gated	pearson
05	0	115	0.8635025766596779	Limbic	gated	pearson
05	1	207	0.856163336573496	Limbic	gated	pearson
05	2	161	0.8460999602112275	Limbic	gated	pearson
05	3	128	0.8414460539043169	Limbic	gated	pearson
05	4	85	0.8377469716399699	Limbic	gated	pearson
05	5	45	0.8374899654413813	Limbic	gated	pearson
06	0	105	0.9020295085490082	Limbic	gated	pearson
06	1	187	0.8946405466518415	Limbic	gated	pearson
06	2	136	0.8926479977390152	Limbic	gated	pearson
06	3	113	0.884291926220101	Limbic	gated	pearson
06	4	85	0.876222908129402	Limbic	gated	pearson
06	5	40	0.8699518340160999	Limbic	gated	pearson
01	0	213	0.7912759282947829	Limbic	qc_covered	pearson
01	1	372	0.7673654534244534	Limbic	qc_covered	pearson
01	2	285	0.7477877406891252	Limbic	qc_covered	pearson
01	3	231	0.7320786662997311	Limbic	qc_covered	pearson
01	4	178	0.7203308910142615	Limbic	qc_covered	pearson
01	5	99	0.7315688887038123	Limbic	qc_covered	pearson
02	0	197	0.9112049545111299	Limbic	qc_covered	pearson
02	1	339	0.8987154646946905	Limbic	qc_covered	pearson
02	2	259	0.8924629835626255	Limbic	qc_covered	pearson
02	3	212	0.8829358198249551	Limbic	qc_covered	pearson
02	4	169	0.8683719607861415	Limbic	qc_covered	pearson
02	5	99	0.8531733621112587	Limbic	qc_covered	pearson
03	0	332	0.8847545961429586	Limbic	qc_covered	pearson
03	1	581	0.8749118352232885	Limbic	qc_covered	pearson
03	2	484	0.857984297657286	Limbic	qc_covered	pearson
03	3	364	0.85356261578806	Limbic	qc_covered	pearson
03	4	240	0.8486284469374528	Limbic	qc_covered	pearson
03	5	144	0.8370294298611716	Limbic	qc_covered	pearson
04	0	136	0.8647586542427084	Limbic	qc_covered	pearson
04	1	234	0.8567531835028755	Limbic	qc_covered	pearson
04	2	162	0.8527510028136103	Limbic	qc_covered	pearson
04	3	89	0.8440904178324247	Limbic	qc_covered	pearson
04	4	9	0.8064206809141468	Limbic	qc_covered	pearson
05	0	115	0.8635025766596779	Limbic	qc_covered	pearson
05	1	207	0.856163336573496	Limbic	qc_covered	pearson
05	2	161	0.8460999602112275	Limbic	qc_covered	pearson
05	3	128	0.8414460539043169	Limbic	qc_covered	pearson
05	4	85	0.8377469716399699	Limbic	qc_covered	pearson
05	5	45	0.8374899654413813	Limbic	qc_covered	pearson
06	0	105	0.9020295085490082	Limbic	qc_covered	pearson
06	1	187	0.8946405466518415	Limbic	qc_covered	pearson
06	2	136	0.8926479977390152	Limbic	qc_covered	pearson
06	3	113	0.884291926220101	Limbic	qc_covered	pearson
06	4	85	0.876222908129402	Limbic	qc_covered	pearson
06	5	40	0.8699518340160999	Limbic	qc_covered	pearson
01	0	58	0.7644594424788178	Limbic	low_motion	pearson
01	1	90	0.7579234910155772	Limbic	low_motion	pearson
01	2	54	0.745020436610643	Limbic	low_motion	pearson
01	3	50	0.7244404286483133	Limbic	low_motion	pearson
01	4	57	0.7125345878823811	Limbic	low_motion	pearson
01	5	42	0.7271061256780906	Limbic	low_motion	pearson
02	0	80	0.9113790930454587	Limbic	low_motion	pearson
02	1	73	0.9065669927853443	Limbic	low_motion	pearson
02	2	14	0.8987210055162225	Limbic	low_motion	pearson
02	3	26	0.8799862126649234	Limbic	low_motion	pearson
02	4	78	0.8597652861967345	Limbic	low_motion	pearson
02	5	54	0.8648257647839761	Limbic	low_motion	pearson
03	0	96	0.8863277198474355	Limbic	low_motion	pearson
03	1	165	0.8756932576237088	Limbic	low_motion	pearson
03	2	100	0.8611241678833153	Limbic	low_motion	pearson
03	3	82	0.8589960867919466	Limbic	low_motion	pearson
03	4	60	0.8481802446924609	Limbic	low_motion	pearson
03	5	25	0.8400151915343823	Limbic	low_motion	pearson
04	0	34	0.8757247413997781	Limbic	low_motion	pearson
04	1	68	0.8686845628530033	Limbic	low_motion	pearson
04	2	39	0.8634307687111571	Limbic	low_motion	pearson
04	3	12	0.8465750683818096	Limbic	low_motion	pearson
05	0	39	0.8567027843469338	Limbic	low_motion	pearson
05	1	45	0.8503242404397212	Limbic	low_motion	pearson
05	2	22	0.8348341018916463	Limbic	low_motion	pearson
05	3	30	0.8368307053723839	Limbic	low_motion	pearson
05	4	38	0.8372870774273491	Limbic	low_motion	pearson
05	5	16	0.8282636338960931	Limbic	low_motion	pearson
06	0	30	0.8972525572294099	Limbic	low_motion	pearson
06	1	49	0.8954901538183544	Limbic	low_motion	pearson
06	2	31	0.8884731756797801	Limbic	low_motion	pearson
06	3	29	0.8817120735919743	Limbic	low_motion	pearson
06	4	22	0.8759203557669497	Limbic	low_motion	pearson
06	5	10	0.8531104337390535	Limbic	low_motion	pearson
01	0	69	0.7674908994766669	Limbic	high_tsnr	pearson
01	1	80	0.7577382994273864	Limbic	high_tsnr	pearson
01	2	15	0.7548715839276189	Limbic	high_tsnr	pearson
01	3	40	0.7172866173901165	Limbic	high_tsnr	pearson
01	4	81	0.7162103474655624	Limbic	high_tsnr	pearson
01	5	40	0.7293850078708127	Limbic	high_tsnr	pearson
02	0	51	0.9078182907914801	Limbic	high_tsnr	pearson
02	1	71	0.8996034140286218	Limbic	high_tsnr	pearson
02	2	42	0.8793922768818428	Limbic	high_tsnr	pearson
02	3	41	0.8693212628137537	Limbic	high_tsnr	pearson
02	4	53	0.8598639763352443	Limbic	high_tsnr	pearson
02	5	42	0.8612636130701303	Limbic	high_tsnr	pearson
03	0	82	0.8912974554063935	Limbic	high_tsnr	pearson
03	1	165	0.8783570658562124	Limbic	high_tsnr	pearson
03	2	121	0.8578572445945291	Limbic	high_tsnr	pearson
03	3	90	0.8549225973252124	Limbic	high_tsnr	pearson
03	4	55	0.8469286572340006	Limbic	high_tsnr	pearson
03	5	15	0.8415049592752416	Limbic	high_tsnr	pearson
04	0	34	0.8649695393518682	Limbic	high_tsnr	pearson
04	1	68	0.8569827036466033	Limbic	high_tsnr	pearson
04	2	39	0.850671341817648	Limbic	high_tsnr	pearson
04	3	12	0.8508500434492292	Limbic	high_tsnr	pearson
05	0	42	0.8562581891505776	Limbic	high_tsnr	pearson
05	1	49	0.8513226830732741	Limbic	high_tsnr	pearson
05	2	12	0.8302636828056089	Limbic	high_tsnr	pearson
05	3	31	0.8346054510104154	Limbic	high_tsnr	pearson
05	4	29	0.8302067904086623	Limbic	high_tsnr	pearson
05	5	8	0.7884102692648538	Limbic	high_tsnr	pearson
06	0	44	0.8950743929577611	Limbic	high_tsnr	pearson
06	1	58	0.890472534359299	Limbic	high_tsnr	pearson
06	2	21	0.8744394000157153	Limbic	high_tsnr	pearson
06	3	22	0.8645844392189321	Limbic	high_tsnr	pearson
06	4	8	0.8572799073436956	Limbic	high_tsnr	pearson
01	0	289	0.9358364008560281	Cont	all	pearson
01	1	486	0.9340696014741852	Cont	all	pearson
01	2	352	0.9340912975035331	Cont	all	pearson
01	3	288	0.9309905300396344	Cont	all	pearson
01	4	229	0.9263400778666002	Cont	all	pearson
01	5	126	0.9254950279424419	Cont	all	pearson
02	0	236	0.9377518845226906	Cont	all	pearson
02	1	392	0.9386141898884709	Cont	all	pearson
02	2	299	0.9324753871920397	Cont	all	pearson
02	3	247	0.9313338612859878	Cont	all	pearson
02	4	194	0.9269702082659771	Cont	all	pearson
02	5	117	0.9119589349425962	Cont	all	pearson
03	0	458	0.9580602607900536	Cont	all	pearson
03	1	830	0.9539714862726303	Cont	all	pearson
03	2	636	0.9500562883812477	Cont	all	pearson
03	3	496	0.9460938905323074	Cont	all	pearson
03	4	350	0.9414838097932836	Cont	all	pearson
03	5	156	0.9312457195008534	Cont	all	pearson
04	0	181	0.9469707038250366	Cont	all	pearson
04	1	300	0.9459590317727316	Cont	all	pearson
04	2	208	0.9404036718088431	Cont	all	pearson
04	3	120	0.9364720448074808	Cont	all	pearson
04	4	11	0.940639152492914	Cont	all	pearson
05	0	140	0.9277512903124145	Cont	all	pearson
05	1	250	0.928746525973587	Cont	all	pearson
05	2	203	0.9188007410245056	Cont	all	pearson
05	3	152	0.9077864978758918	Cont	all	pearson
05	4	98	0.9123057304447177	Cont	all	pearson
05	5	60	0.8879814756992686	Cont	all	pearson
06	0	218	0.9412117283060537	Cont	all	pearson
06	1	354	0.937207924455872	Cont	all	pearson
06	2	239	0.9408210983792756	Cont	all	pearson
06	3	200	0.9314246334965034	Cont	all	pearson
06	4	144	0.9273794246276393	Cont	all	pearson
06	5	70	0.9231813326609782	Cont	all	pearson
01	0	213	0.9435123822844023	Cont	gated	pearson
01	1	372	0.9398985963352807	Cont	gated	pearson
01	2	285	0.9381703075971877	Cont	gated	pearson
01	3	231	0.9350080559329719	Cont	gated	pearson
01	4	178	0.9325441823805207	Cont	gated	pearson
01	5	99	0.9295947873062543	Cont	gated	pearson
02	0	197	0.942609547916747	Cont	gated	pearson
02	1	339	0.9420787005874184	Cont	gated	pearson
02	2	259	0.936027998054188	Cont	gated	pearson
02	3	212	0.9349858819282388	Cont	gated	pearson
02	4	169	0.9287085055014116	Cont	gated	pearson
02	5	99	0.913660393685794	Cont	gated	pearson
03	0	332	0.9623317481651504	Cont	gated	pearson
03	1	581	0.959122022674757	Cont	gated	pearson
03	2	484	0.9529296127788152	Cont	gated	pearson
03	3	364	0.9498598011730945	Cont	gated	pearson
03	4	240	0.94843470842536	Cont	gated	pearson
03	5	144	0.9319200903205254	Cont	gated	pearson
04	0	136	0.9521758333522004	Cont	gated	pearson
04	1	234	0.9489741072539629	Cont	gated	pearson
04	2	162	0.9450458735893086	Cont	gated	pearson
04	3	89	0.9434556215615132	Cont	gated	pearson
04	4	9	0.9440413982655698	Cont	gated	pearson
05	0	115	0.9322268985574498	Cont	gated	pearson
05	1	207	0.9325445854969241	Cont	gated	pearson
05	2	161	0.9258718996171811	Cont	gated	pearson
05	3	128	0.9124591210498503	Cont	gated	pearson
05	4	85	0.9127311917834721	Cont	gated	pearson
05	5	45	0.8854824226811641	Cont	gated	pearson
06	0	105	0.952140995862769	Cont	gated	pearson
06	1	187	0.9467255420242289	Cont	gated	pearson
06	2	136	0.9464538633431565	Cont	gated	pearson
06	3	113	0.9383379115499834	Cont	gated	pearson
06	4	85	0.9360841594471202	Cont	gated	pearson
06	5	40	0.9284391138452126	Cont	gated	pearson
01	0	213	0.9435123822844023	Cont	qc_covered	pearson
01	1	372	0.9398985963352807	Cont	qc_covered	pearson
01	2	285	0.9381703075971877	Cont	qc_covered	pearson
01	3	231	0.9350080559329719	Cont	qc_covered	pearson
01	4	178	0.9325441823805207	Cont	qc_covered	pearson
01	5	99	0.9295947873062543	Cont	qc_covered	pearson
02	0	197	0.942609547916747	Cont	qc_covered	pearson
02	1	339	0.9420787005874184	Cont	qc_covered	pearson
02	2	259	0.936027998054188	Cont	qc_covered	pearson
02	3	212	0.9349858819282388	Cont	qc_covered	pearson
02	4	169	0.9287085055014116	Cont	qc_covered	pearson
02	5	99	0.913660393685794	Cont	qc_covered	pearson
03	0	332	0.9623317481651504	Cont	qc_covered	pearson
03	1	581	0.959122022674757	Cont	qc_covered	pearson
03	2	484	0.9529296127788152	Cont	qc_covered	pearson
03	3	364	0.9498598011730945	Cont	qc_covered	pearson
03	4	240	0.94843470842536	Cont	qc_covered	pearson
03	5	144	0.9319200903205254	Cont	qc_covered	pearson
04	0	136	0.9521758333522004	Cont	qc_covered	pearson
04	1	234	0.9489741072539629	Cont	qc_covered	pearson
04	2	162	0.9450458735893086	Cont	qc_covered	pearson
04	3	89	0.9434556215615132	Cont	qc_covered	pearson
04	4	9	0.9440413982655698	Cont	qc_covered	pearson
05	0	115	0.9322268985574498	Cont	qc_covered	pearson
05	1	207	0.9325445854969241	Cont	qc_covered	pearson
05	2	161	0.9258718996171811	Cont	qc_covered	pearson
05	3	128	0.9124591210498503	Cont	qc_covered	pearson
05	4	85	0.9127311917834721	Cont	qc_covered	pearson
05	5	45	0.8854824226811641	Cont	qc_covered	pearson
06	0	105	0.952140995862769	Cont	qc_covered	pearson
06	1	187	0.9467255420242289	Cont	qc_covered	pearson
06	2	136	0.9464538633431565	Cont	qc_covered	pearson
06	3	113	0.9383379115499834	Cont	qc_covered	pearson
06	4	85	0.9360841594471202	Cont	qc_covered	pearson
06	5	40	0.9284391138452126	Cont	qc_covered	pearson
01	0	58	0.9355193233064283	Cont	low_motion	pearson
01	1	90	0.9374034411485854	Cont	low_motion	pearson
01	2	54	0.9420848385033026	Cont	low_motion	pearson
01	3	50	0.9377617765909905	Cont	low_motion	pearson
01	4	57	0.936153048711307	Cont	low_motion	pearson
01	5	42	0.9284626820062063	Cont	low_motion	pearson
02	0	80	0.938643289158336	Cont	low_motion	pearson
02	1	73	0.9452502183323667	Cont	low_motion	pearson
02	2	14	0.9530932194724576	Cont	low_motion	pearson
02	3	26	0.9384113679332212	Cont	low_motion	pearson
02	4	78	0.9289911266229652	Cont	low_motion	pearson
02	5	54	0.9146774881538344	Cont	low_motion	pearson
03	0	96	0.9645067659436799	Cont	low_motion	pearson
03	1	165	0.9598985979081444	Cont	low_motion	pearson
03	2	100	0.9547601905218015	Cont	low_motion	pearson
03	3	82	0.9537326815482796	Cont	low_motion	pearson
03	4	60	0.9487097269765294	Cont	low_motion	pearson
03	5	25	0.9477094245678079	Cont	low_motion	pearson
04	0	34	0.952118696366313	Cont	low_motion	pearson
04	1	68	0.9487775345115874	Cont	low_motion	pearson
04	2	39	0.9460689601712644	Cont	low_motion	pearson
04	3	12	0.9504120192637062	Cont	low_motion	pearson
05	0	39	0.9221817806550014	Cont	low_motion	pearson
05	1	45	0.9247159616725438	Cont	low_motion	pearson
05	2	22	0.9174907187830099	Cont	low_motion	pearson
05	3	30	0.9220689007185965	Cont	low_motion	pearson
05	4	38	0.9194588910383885	Cont	low_motion	pearson
05	5	16	0.8852943406710683	Cont	low_motion	pearson
06	0	30	0.95265382557427	Cont	low_motion	pearson
06	1	49	0.9465814636408354	Cont	low_motion	pearson
06	2	31	0.9470071426193684	Cont	low_motion	pearson
06	3	29	0.9439144508369287	Cont	low_motion	pearson
06	4	22	0.9453480884010744	Cont	low_motion	pearson
06	5	10	0.941081980553412	Cont	low_motion	pearson
01	0	69	0.940329329136736	Cont	high_tsnr	pearson
01	1	80	0.9358871346939965	Cont	high_tsnr	pearson
01	2	15	0.9491304672535626	Cont	high_tsnr	pearson
01	3	40	0.9363423153664832	Cont	high_tsnr	pearson
01	4	81	0.9333848748231668	Cont	high_tsnr	pearson
01	5	40	0.9319331451401283	Cont	high_tsnr	pearson
02	0	51	0.9362462052623961	Cont	high_tsnr	pearson
02	1	71	0.9379927228768912	Cont	high_tsnr	pearson
02	2	42	0.9356180777438396	Cont	high_tsnr	pearson
02	3	41	0.9356583876937117	Cont	high_tsnr	pearson
02	4	53	0.9283393233042271	Cont	high_tsnr	pearson
02	5	42	0.9129177427843178	Cont	high_tsnr	pearson
03	0	82	0.9645624748282515	Cont	high_tsnr	pearson
03	1	165	0.9605426607444257	Cont	high_tsnr	pearson
03	2	121	0.9558063286641084	Cont	high_tsnr	pearson
03	3	90	0.9544788556887596	Cont	high_tsnr	pearson
03	4	55	0.9482126651943334	Cont	high_tsnr	pearson
03	5	15	0.9342623076058707	Cont	high_tsnr	pearson
04	0	34	0.9530831992776077	Cont	high_tsnr	pearson
04	1	68	0.9528401907529512	Cont	high_tsnr	pearson
04	2	39	0.9460689601712644	Cont	high_tsnr	pearson
04	3	12	0.9524303737147417	Cont	high_tsnr	pearson
05	0	42	0.918163893004155	Cont	high_tsnr	pearson
05	1	49	0.9212343083069284	Cont	high_tsnr	pearson
05	2	12	0.9278282169791634	Cont	high_tsnr	pearson
05	3	31	0.9183409683595116	Cont	high_tsnr	pearson
05	4	29	0.9125790376962895	Cont	high_tsnr	pearson
05	5	8	0.863207590806053	Cont	high_tsnr	pearson
06	0	44	0.9465245682487426	Cont	high_tsnr	pearson
06	1	58	0.938240947632722	Cont	high_tsnr	pearson
06	2	21	0.9460632548030924	Cont	high_tsnr	pearson
06	3	22	0.9324929010371847	Cont	high_tsnr	pearson
06	4	8	0.8924883421433603	Cont	high_tsnr	pearson
01	0	289	0.9389916305034828	Default	all	pearson
01	1	486	0.936551901620047	Default	all	pearson
01	2	352	0.9346336147952998	Default	all	pearson
01	3	288	0.9279825222636104	Default	all	pearson
01	4	229	0.9233145451951211	Default	all	pearson
01	5	126	0.9229826301165651	Default	all	pearson
02	0	236	0.9434051917464046	Default	all	pearson
02	1	392	0.9436649430369186	Default	all	pearson
02	2	299	0.9382831773296024	Default	all	pearson
02	3	247	0.9378576849871585	Default	all	pearson
02	4	194	0.9287619288686979	Default	all	pearson
02	5	117	0.9194254344912692	Default	all	pearson
03	0	458	0.9547917314353553	Default	all	pearson
03	1	830	0.951395134083402	Default	all	pearson
03	2	636	0.9482301924619869	Default	all	pearson
03	3	496	0.9458003409752206	Default	all	pearson
03	4	350	0.9423356918998338	Default	all	pearson
03	5	156	0.9375318509837789	Default	all	pearson
04	0	181	0.9477794388571652	Default	all	pearson
04	1	300	0.9480242300802233	Default	all	pearson
04	2	208	0.9427939545308578	Default	all	pearson
04	3	120	0.9388718368973759	Default	all	pearson
04	4	11	0.9410373550583029	Default	all	pearson
05	0	140	0.9326221186457873	Default	all	pearson
05	1	250	0.9335201813298477	Default	all	pearson
05	2	203	0.9214677281078358	Default	all	pearson
05	3	152	0.9194832062565719	Default	all	pearson
05	4	98	0.9251099879112943	Default	all	pearson
05	5	60	0.9061774469738211	Default	all	pearson
06	0	218	0.9505241399313588	Default	all	pearson
06	1	354	0.9456495870920214	Default	all	pearson
06	2	239	0.9479799167468663	Default	all	pearson
06	3	200	0.9406811406923565	Default	all	pearson
06	4	144	0.9362611288775491	Default	all	pearson
06	5	70	0.9308447578851128	Default	all	pearson
01	0	213	0.9465690092796191	Default	gated	pearson
01	1	372	0.942229827537775	Default	gated	pearson
01	2	285	0.9383754263902859	Default	gated	pearson
01	3	231	0.9309223053420588	Default	gated	pearson
01	4	178	0.9279346269792066	Default	gated	pearson
01	5	99	0.9261168686566335	Default	gated	pearson
02	0	197	0.9467190978226933	Default	gated	pearson
02	1	339	0.9474043039861233	Default	gated	pearson
02	2	259	0.9414459180178614	Default	gated	pearson
02	3	212	0.9398182565689401	Default	gated	pearson
02	4	169	0.9315209990550817	Default	gated	pearson
02	5	99	0.9216503331641259	Default	gated	pearson
03	0	332	0.9591634610851343	Default	gated	pearson
03	1	581	0.9560918792968766	Default	gated	pearson
03	2	484	0.9511240848647655	Default	gated	pearson
03	3	364	0.9488182899274552	Default	gated	pearson
03	4	240	0.9466565817584264	Default	gated	pearson
03	5	144	0.9375318509837789	Default	gated	pearson
04	0	136	0.9511743201047759	Default	gated	pearson
04	1	234	0.9513199853090738	Default	gated	pearson
04	2	162	0.946697276610457	Default	gated	pearson
04	3	89	0.9451569824030446	Default	gated	pearson
04	4	9	0.9464700942460124	Default	gated	pearson
05	0	115	0.9355585484187381	Default	gated	pearson
05	1	207	0.937965402704954	Default	gated	pearson
05	2	161	0.9278714449471733	Default	gated	pearson
05	3	128	0.9239364481953658	Default	gated	pearson
05	4	85	0.9272074862390997	Default	gated	pearson
05	5	45	0.9108149973900386	Default	gated	pearson
06	0	105	0.9596360795318664	Default	gated	pearson
06	1	187	0.9521687823371552	Default	gated	pearson
06	2	136	0.952577127063891	Default	gated	pearson
06	3	113	0.9474321441994186	Default	gated	pearson
06	4	85	0.9449145575994404	Default	gated	pearson
06	5	40	0.938953317499184	Default	gated	pearson
01	0	213	0.9465690092796191	Default	qc_covered	pearson
01	1	372	0.942229827537775	Default	qc_covered	pearson
01	2	285	0.9383754263902859	Default	qc_covered	pearson
01	3	231	0.9309223053420588	Default	qc_covered	pearson
01	4	178	0.9279346269792066	Default	qc_covered	pearson
01	5	99	0.9261168686566335	Default	qc_covered	pearson
02	0	197	0.9467190978226933	Default	qc_covered	pearson
02	1	339	0.9474043039861233	Default	qc_covered	pearson
02	2	259	0.9414459180178614	Default	qc_covered	pearson
02	3	212	0.9398182565689401	Default	qc_covered	pearson
02	4	169	0.9315209990550817	Default	qc_covered	pearson
02	5	99	0.9216503331641259	Default	qc_covered	pearson
03	0	332	0.9591634610851343	Default	qc_covered	pearson
03	1	581	0.9560918792968766	Default	qc_covered	pearson
03	2	484	0.9511240848647655	Default	qc_covered	pearson
03	3	364	0.9488182899274552	Default	qc_covered	pearson
03	4	240	0.9466565817584264	Default	qc_covered	pearson
03	5	144	0.9375318509837789	Default	qc_covered	pearson
04	0	136	0.9511743201047759	Default	qc_covered	pearson
04	1	234	0.9513199853090738	Default	qc_covered	pearson
04	2	162	0.946697276610457	Default	qc_covered	pearson
04	3	89	0.9451569824030446	Default	qc_covered	pearson
04	4	9	0.9464700942460124	Default	qc_covered	pearson
05	0	115	0.9355585484187381	Default	qc_covered	pearson
05	1	207	0.937965402704954	Default	qc_covered	pearson
05	2	161	0.9278714449471733	Default	qc_covered	pearson
05	3	128	0.9239364481953658	Default	qc_covered	pearson
05	4	85	0.9272074862390997	Default	qc_covered	pearson
05	5	45	0.9108149973900386	Default	qc_covered	pearson
06	0	105	0.9596360795318664	Default	qc_covered	pearson
06	1	187	0.9521687823371552	Default	qc_covered	pearson
06	2	136	0.952577127063891	Default	qc_covered	pearson
06	3	113	0.9474321441994186	Default	qc_covered	pearson
06	4	85	0.9449145575994404	Default	qc_covered	pearson
06	5	40	0.938953317499184	Default	qc_covered	pearson
01	0	58	0.939947935905515	Default	low_motion	pearson
01	1	90	0.9407046335618845	Default	low_motion	pearson
01	2	54	0.9422364718717703	Default	low_motion	pearson
01	3	50	0.9370024775461261	Default	low_motion	pearson
01	4	57	0.9320129114031175	Default	low_motion	pearson
01	5	42	0.9261726506879404	Default	low_motion	pearson
02	0	80	0.9446331670247641	Default	low_motion	pearson
02	1	73	0.951366713319849	Default	low_motion	pearson
02	2	14	0.9528995813641373	Default	low_motion	pearson
02	3	26	0.946550076271127	Default	low_motion	pearson
02	4	78	0.9293685947179302	Default	low_motion	pearson
02	5	54	0.9211496842466091	Default	low_motion	pearson
03	0	96	0.9608181450347777	Default	low_motion	pearson
03	1	165	0.9561134813096708	Default	low_motion	pearson
03	2	100	0.9524408326058418	Default	low_motion	pearson
03	3	82	0.946248759642248	Default	low_motion	pearson
03	4	60	0.9446966883356329	Default	low_motion	pearson
03	5	25	0.9420154605127112	Default	low_motion	pearson
04	0	34	0.9490332676046793	Default	low_motion	pearson
04	1	68	0.9530029367798885	Default	low_motion	pearson
04	2	39	0.9470970846070396	Default	low_motion	pearson
04	3	12	0.9458551011830328	Default	low_motion	pearson
05	0	39	0.9299527871547811	Default	low_motion	pearson
05	1	45	0.9383391465884737	Default	low_motion	pearson
05	2	22	0.9251534708793877	Default	low_motion	pearson
05	3	30	0.9325679446765287	Default	low_motion	pearson
05	4	38	0.9303854281360902	Default	low_motion	pearson
05	5	16	0.9107575675760362	Default	low_motion	pearson
06	0	30	0.9610472354525845	Default	low_motion	pearson
06	1	49	0.9520534675309985	Default	low_motion	pearson
06	2	31	0.9530391677999528	Default	low_motion	pearson
06	3	29	0.9483597038182557	Default	low_motion	pearson
06	4	22	0.9522403529453328	Default	low_motion	pearson
06	5	10	0.9472059098303148	Default	low_motion	pearson
01	0	69	0.9424130478612024	Default	high_tsnr	pearson
01	1	80	0.939963029552076	Default	high_tsnr	pearson
01	2	15	0.9465705790128781	Default	high_tsnr	pearson
01	3	40	0.9318481596895708	Default	high_tsnr	pearson
01	4	81	0.9287329506838857	Default	high_tsnr	pearson
01	5	40	0.9266993665026492	Default	high_tsnr	pearson
02	0	51	0.9419739627438882	Default	high_tsnr	pearson
02	1	71	0.9463233630708894	Default	high_tsnr	pearson
02	2	42	0.9421588939360626	Default	high_tsnr	pearson
02	3	41	0.9390227323927705	Default	high_tsnr	pearson
02	4	53	0.9287894753324508	Default	high_tsnr	pearson
02	5	42	0.9221665599818734	Default	high_tsnr	pearson
03	0	82	0.9616495567675383	Default	high_tsnr	pearson
03	1	165	0.9590602076716028	Default	high_tsnr	pearson
03	2	121	0.9538152348948856	Default	high_tsnr	pearson
03	3	90	0.9494131889998259	Default	high_tsnr	pearson
03	4	55	0.9431777508703235	Default	high_tsnr	pearson
03	5	15	0.9359687024956659	Default	high_tsnr	pearson
04	0	34	0.9550097690220748	Default	high_tsnr	pearson
04	1	68	0.953133349886637	Default	high_tsnr	pearson
04	2	39	0.944141424791388	Default	high_tsnr	pearson
04	3	12	0.9509445178750522	Default	high_tsnr	pearson
05	0	42	0.9312046327746912	Default	high_tsnr	pearson
05	1	49	0.9357682077388099	Default	high_tsnr	pearson
05	2	12	0.9331458175243929	Default	high_tsnr	pearson
05	3	31	0.9318140634680074	Default	high_tsnr	pearson
05	4	29	0.923868957536419	Default	high_tsnr	pearson
05	5	8	0.892515300854664	Default	high_tsnr	pearson
06	0	44	0.9558526643333316	Default	high_tsnr	pearson
06	1	58	0.9463622581605238	Default	high_tsnr	pearson
06	2	21	0.9522915650392759	Default	high_tsnr	pearson
06	3	22	0.9426620733141904	Default	high_tsnr	pearson
06	4	8	0.9171639660600033	Default	high_tsnr	pearson
01	0	289	0.9181698403669973	cerebellum	all	pearson
01	1	486	0.9098716421812898	cerebellum	all	pearson
01	2	352	0.9019860356215681	cerebellum	all	pearson
01	3	288	0.8930359068516514	cerebellum	all	pearson
01	4	229	0.893800726576036	cerebellum	all	pearson
01	5	126	0.9067158875834564	cerebellum	all	pearson
02	0	236	0.9481816509148722	cerebellum	all	pearson
02	1	392	0.944802743760586	cerebellum	all	pearson
02	2	299	0.9452814703093483	cerebellum	all	pearson
02	3	247	0.9379801069338538	cerebellum	all	pearson
02	4	194	0.9219005271897714	cerebellum	all	pearson
02	5	117	0.9224480636560429	cerebellum	all	pearson
03	0	458	0.9402635496361886	cerebellum	all	pearson
03	1	830	0.9356369078165754	cerebellum	all	pearson
03	2	636	0.933090689042293	cerebellum	all	pearson
03	3	496	0.9282249463968143	cerebellum	all	pearson
03	4	350	0.9240090057795665	cerebellum	all	pearson
03	5	156	0.9245430120246914	cerebellum	all	pearson
04	0	181	0.9318856591827511	cerebellum	all	pearson
04	1	300	0.929627954251659	cerebellum	all	pearson
04	2	208	0.928833768002424	cerebellum	all	pearson
04	3	120	0.9252331323884718	cerebellum	all	pearson
04	4	11	0.908316107626399	cerebellum	all	pearson
05	0	140	0.9316338088454793	cerebellum	all	pearson
05	1	250	0.9344639837828216	cerebellum	all	pearson
05	2	203	0.9256456104682739	cerebellum	all	pearson
05	3	152	0.9284343253254452	cerebellum	all	pearson
05	4	98	0.9189619810405466	cerebellum	all	pearson
05	5	60	0.8889006370238466	cerebellum	all	pearson
06	0	218	0.9520677846979887	cerebellum	all	pearson
06	1	354	0.9474359459003099	cerebellum	all	pearson
06	2	239	0.9477093585606509	cerebellum	all	pearson
06	3	200	0.9459733355247464	cerebellum	all	pearson
06	4	144	0.9418767263398795	cerebellum	all	pearson
06	5	70	0.9343423534122732	cerebellum	all	pearson
01	0	213	0.9262623475820878	cerebellum	gated	pearson
01	1	372	0.9175277688963097	cerebellum	gated	pearson
01	2	285	0.9062983533328409	cerebellum	gated	pearson
01	3	231	0.8958634055842543	cerebellum	gated	pearson
01	4	178	0.8973859221881095	cerebellum	gated	pearson
01	5	99	0.911534642513729	cerebellum	gated	pearson
02	0	197	0.9524222066620857	cerebellum	gated	pearson
02	1	339	0.9494346035144728	cerebellum	gated	pearson
02	2	259	0.9490487215851373	cerebellum	gated	pearson
02	3	212	0.943358204716207	cerebellum	gated	pearson
02	4	169	0.9250957745786983	cerebellum	gated	pearson
02	5	99	0.9285385480523883	cerebellum	gated	pearson
03	0	332	0.9446170881385133	cerebellum	gated	pearson
03	1	581	0.9411998969744964	cerebellum	gated	pearson
03	2	484	0.9365133704023467	cerebellum	gated	pearson
03	3	364	0.9323624182636677	cerebellum	gated	pearson
03	4	240	0.9284874152658472	cerebellum	gated	pearson
03	5	144	0.9259686347620303	cerebellum	gated	pearson
04	0	136	0.9380950110742045	cerebellum	gated	pearson
04	1	234	0.9357212243750137	cerebellum	gated	pearson
04	2	162	0.9325944669941797	cerebellum	gated	pearson
04	3	89	0.9319489760481457	cerebellum	gated	pearson
04	4	9	0.9091675594827522	cerebellum	gated	pearson
05	0	115	0.9363697269727782	cerebellum	gated	pearson
05	1	207	0.9382849218019703	cerebellum	gated	pearson
05	2	161	0.9301760372696847	cerebellum	gated	pearson
05	3	128	0.9310912445667285	cerebellum	gated	pearson
05	4	85	0.9223896110664076	cerebellum	gated	pearson
05	5	45	0.8902885811952926	cerebellum	gated	pearson
06	0	105	0.9596538886622644	cerebellum	gated	pearson
06	1	187	0.9536202880179327	cerebellum	gated	pearson
06	2	136	0.9530157530576668	cerebellum	gated	pearson
06	3	113	0.9499347445782551	cerebellum	gated	pearson
06	4	85	0.9469159367957665	cerebellum	gated	pearson
06	5	40	0.9377959492930723	cerebellum	gated	pearson
01	0	213	0.9262623475820878	cerebellum	qc_covered	pearson
01	1	372	0.9175277688963097	cerebellum	qc_covered	pearson
01	2	285	0.9062983533328409	cerebellum	qc_covered	pearson
01	3	231	0.8958634055842543	cerebellum	qc_covered	pearson
01	4	178	0.8973859221881095	cerebellum	qc_covered	pearson
01	5	99	0.911534642513729	cerebellum	qc_covered	pearson
02	0	197	0.9524222066620857	cerebellum	qc_covered	pearson
02	1	339	0.9494346035144728	cerebellum	qc_covered	pearson
02	2	259	0.9490487215851373	cerebellum	qc_covered	pearson
02	3	212	0.943358204716207	cerebellum	qc_covered	pearson
02	4	169	0.9250957745786983	cerebellum	qc_covered	pearson
02	5	99	0.9285385480523883	cerebellum	qc_covered	pearson
03	0	332	0.9446170881385133	cerebellum	qc_covered	pearson
03	1	581	0.9411998969744964	cerebellum	qc_covered	pearson
03	2	484	0.9365133704023467	cerebellum	qc_covered	pearson
03	3	364	0.9323624182636677	cerebellum	qc_covered	pearson
03	4	240	0.9284874152658472	cerebellum	qc_covered	pearson
03	5	144	0.9259686347620303	cerebellum	qc_covered	pearson
04	0	136	0.9380950110742045	cerebellum	qc_covered	pearson
04	1	234	0.9357212243750137	cerebellum	qc_covered	pearson
04	2	162	0.9325944669941797	cerebellum	qc_covered	pearson
04	3	89	0.9319489760481457	cerebellum	qc_covered	pearson
04	4	9	0.9091675594827522	cerebellum	qc_covered	pearson
05	0	115	0.9363697269727782	cerebellum	qc_covered	pearson
05	1	207	0.9382849218019703	cerebellum	qc_covered	pearson
05	2	161	0.9301760372696847	cerebellum	qc_covered	pearson
05	3	128	0.9310912445667285	cerebellum	qc_covered	pearson
05	4	85	0.9223896110664076	cerebellum	qc_covered	pearson
05	5	45	0.8902885811952926	cerebellum	qc_covered	pearson
06	0	105	0.9596538886622644	cerebellum	qc_covered	pearson
06	1	187	0.9536202880179327	cerebellum	qc_covered	pearson
06	2	136	0.9530157530576668	cerebellum	qc_covered	pearson
06	3	113	0.9499347445782551	cerebellum	qc_covered	pearson
06	4	85	0.9469159367957665	cerebellum	qc_covered	pearson
06	5	40	0.9377959492930723	cerebellum	qc_covered	pearson
01	0	58	0.9186304721062184	cerebellum	low_motion	pearson
01	1	90	0.9177682105976932	cerebellum	low_motion	pearson
01	2	54	0.9128551650155026	cerebellum	low_motion	pearson
01	3	50	0.9073703480724331	cerebellum	low_motion	pearson
01	4	57	0.9027999558766349	cerebellum	low_motion	pearson
01	5	42	0.9077422375116624	cerebellum	low_motion	pearson
02	0	80	0.9499707248088158	cerebellum	low_motion	pearson
02	1	73	0.9525476604125739	cerebellum	low_motion	pearson
02	2	14	0.9588401750321749	cerebellum	low_motion	pearson
02	3	26	0.9445374727704681	cerebellum	low_motion	pearson
02	4	78	0.9239751521743296	cerebellum	low_motion	pearson
02	5	54	0.9292371728440825	cerebellum	low_motion	pearson
03	0	96	0.9476596994493718	cerebellum	low_motion	pearson
03	1	165	0.9422184196493615	cerebellum	low_motion	pearson
03	2	100	0.9386714651411765	cerebellum	low_motion	pearson
03	3	82	0.9323624182636677	cerebellum	low_motion	pearson
03	4	60	0.928040383343391	cerebellum	low_motion	pearson
03	5	25	0.9244269967445655	cerebellum	low_motion	pearson
04	0	34	0.9380950110742045	cerebellum	low_motion	pearson
04	1	68	0.9388565591580034	cerebellum	low_motion	pearson
04	2	39	0.9353036482004581	cerebellum	low_motion	pearson
04	3	12	0.9361538053688281	cerebellum	low_motion	pearson
05	0	39	0.9365463895313467	cerebellum	low_motion	pearson
05	1	45	0.9429502865569012	cerebellum	low_motion	pearson
05	2	22	0.9218837479175657	cerebellum	low_motion	pearson
05	3	30	0.9373609622274884	cerebellum	low_motion	pearson
05	4	38	0.927750687337864	cerebellum	low_motion	pearson
05	5	16	0.9127141102527725	cerebellum	low_motion	pearson
06	0	30	0.9632227416075176	cerebellum	low_motion	pearson
06	1	49	0.9551201341608039	cerebellum	low_motion	pearson
06	2	31	0.950242632059788	cerebellum	low_motion	pearson
06	3	29	0.9526948661543239	cerebellum	low_motion	pearson
06	4	22	0.9499463962254819	cerebellum	low_motion	pearson
06	5	10	0.9312895235857341	cerebellum	low_motion	pearson
01	0	69	0.9247487598115351	cerebellum	high_tsnr	pearson
01	1	80	0.9117410174434553	cerebellum	high_tsnr	pearson
01	2	15	0.9081097498547972	cerebellum	high_tsnr	pearson
01	3	40	0.8925680380101684	cerebellum	high_tsnr	pearson
01	4	81	0.9070732029709495	cerebellum	high_tsnr	pearson
01	5	40	0.9085155829152215	cerebellum	high_tsnr	pearson
02	0	51	0.9500912708210256	cerebellum	high_tsnr	pearson
02	1	71	0.9494346035144728	cerebellum	high_tsnr	pearson
02	2	42	0.9493041752885667	cerebellum	high_tsnr	pearson
02	3	41	0.9379801069338538	cerebellum	high_tsnr	pearson
02	4	53	0.9282650042342034	cerebellum	high_tsnr	pearson
02	5	42	0.9283076350453352	cerebellum	high_tsnr	pearson
03	0	82	0.9480172509173055	cerebellum	high_tsnr	pearson
03	1	165	0.945193314667876	cerebellum	high_tsnr	pearson
03	2	121	0.9391888402160441	cerebellum	high_tsnr	pearson
03	3	90	0.9353379158223981	cerebellum	high_tsnr	pearson
03	4	55	0.9302160528004487	cerebellum	high_tsnr	pearson
03	5	15	0.9295759803018036	cerebellum	high_tsnr	pearson
04	0	34	0.9389450885946622	cerebellum	high_tsnr	pearson
04	1	68	0.9368561651029581	cerebellum	high_tsnr	pearson
04	2	39	0.9355673941316301	cerebellum	high_tsnr	pearson
04	3	12	0.9427745710615067	cerebellum	high_tsnr	pearson
05	0	42	0.9225827079173252	cerebellum	high_tsnr	pearson
05	1	49	0.9307321136483789	cerebellum	high_tsnr	pearson
05	2	12	0.9237376142595954	cerebellum	high_tsnr	pearson
05	3	31	0.9319064867059811	cerebellum	high_tsnr	pearson
05	4	29	0.9228680231667228	cerebellum	high_tsnr	pearson
05	5	8	0.8688610395999679	cerebellum	high_tsnr	pearson
06	0	44	0.9590978807223836	cerebellum	high_tsnr	pearson
06	1	58	0.9524441956183354	cerebellum	high_tsnr	pearson
06	2	21	0.9533555857800979	cerebellum	high_tsnr	pearson
06	3	22	0.9481367924773273	cerebellum	high_tsnr	pearson
06	4	8	0.921699274192388	cerebellum	high_tsnr	pearson
01	0	289	0.919213748407597	subcortex	all	pearson
01	1	486	0.9176739716305488	subcortex	all	pearson
01	2	352	0.9154312903017298	subcortex	all	pearson
01	3	288	0.9081632048018078	subcortex	all	pearson
01	4	229	0.9020418650281768	subcortex	all	pearson
01	5	126	0.898551953853562	subcortex	all	pearson
02	0	236	0.8525102818503254	subcortex	all	pearson
02	1	392	0.8438956708663443	subcortex	all	pearson
02	2	299	0.8301692125394692	subcortex	all	pearson
02	3	247	0.828434996834363	subcortex	all	pearson
02	4	194	0.8226182214457254	subcortex	all	pearson
02	5	117	0.805810518090648	subcortex	all	pearson
03	0	458	0.905638224758839	subcortex	all	pearson
03	1	830	0.8979196646300813	subcortex	all	pearson
03	2	636	0.8922444961593525	subcortex	all	pearson
03	3	496	0.8873825079328568	subcortex	all	pearson
03	4	350	0.8779802010213127	subcortex	all	pearson
03	5	156	0.8810155791295298	subcortex	all	pearson
04	0	181	0.8961797976958875	subcortex	all	pearson
04	1	300	0.8885104393774406	subcortex	all	pearson
04	2	208	0.8872298942996797	subcortex	all	pearson
04	3	120	0.8963062278653224	subcortex	all	pearson
04	4	11	0.8749228348374412	subcortex	all	pearson
05	0	140	0.8864938294284289	subcortex	all	pearson
05	1	250	0.8901383521752042	subcortex	all	pearson
05	2	203	0.8763621575636233	subcortex	all	pearson
05	3	152	0.8740631597800825	subcortex	all	pearson
05	4	98	0.8815089721823841	subcortex	all	pearson
05	5	60	0.8719404843214406	subcortex	all	pearson
06	0	218	0.8947746654968525	subcortex	all	pearson
06	1	354	0.8919224507912789	subcortex	all	pearson
06	2	239	0.8903137344671299	subcortex	all	pearson
06	3	200	0.885382345899949	subcortex	all	pearson
06	4	144	0.8822383611580088	subcortex	all	pearson
06	5	70	0.8912182502296406	subcortex	all	pearson
01	0	213	0.9278413654995132	subcortex	gated	pearson
01	1	372	0.9246613435428734	subcortex	gated	pearson
01	2	285	0.919889659481529	subcortex	gated	pearson
01	3	231	0.9131744866315527	subcortex	gated	pearson
01	4	178	0.9106016373138502	subcortex	gated	pearson
01	5	99	0.9050870678013381	subcortex	gated	pearson
02	0	197	0.8580677418220638	subcortex	gated	pearson
02	1	339	0.8479928246295395	subcortex	gated	pearson
02	2	259	0.8374125389225353	subcortex	gated	pearson
02	3	212	0.8360708738404925	subcortex	gated	pearson
02	4	169	0.8330661992385845	subcortex	gated	pearson
02	5	99	0.8132602684684377	subcortex	gated	pearson
03	0	332	0.9143499338377488	subcortex	gated	pearson
03	1	581	0.9053613796078248	subcortex	gated	pearson
03	2	484	0.8966792985617231	subcortex	gated	pearson
03	3	364	0.8949235765899171	subcortex	gated	pearson
03	4	240	0.8872780072871966	subcortex	gated	pearson
03	5	144	0.8831381616694958	subcortex	gated	pearson
04	0	136	0.9035009152635372	subcortex	gated	pearson
04	1	234	0.8953096282544737	subcortex	gated	pearson
04	2	162	0.8967326168261731	subcortex	gated	pearson
04	3	89	0.9039738571492434	subcortex	gated	pearson
04	4	9	0.8768067410419017	subcortex	gated	pearson
05	0	115	0.8915418870561862	subcortex	gated	pearson
05	1	207	0.8963746370984796	subcortex	gated	pearson
05	2	161	0.8824148692599542	subcortex	gated	pearson
05	3	128	0.8766953615693935	subcortex	gated	pearson
05	4	85	0.8853488301248893	subcortex	gated	pearson
05	5	45	0.8866482463717896	subcortex	gated	pearson
06	0	105	0.9070371216805075	subcortex	gated	pearson
06	1	187	0.9023504887330844	subcortex	gated	pearson
06	2	136	0.9000571814019737	subcortex	gated	pearson
06	3	113	0.889979589371634	subcortex	gated	pearson
06	4	85	0.8842554394139344	subcortex	gated	pearson
06	5	40	0.8946106487290646	subcortex	gated	pearson
01	0	213	0.9278413654995132	subcortex	qc_covered	pearson
01	1	372	0.9246613435428734	subcortex	qc_covered	pearson
01	2	285	0.919889659481529	subcortex	qc_covered	pearson
01	3	231	0.9131744866315527	subcortex	qc_covered	pearson
01	4	178	0.9106016373138502	subcortex	qc_covered	pearson
01	5	99	0.9050870678013381	subcortex	qc_covered	pearson
02	0	197	0.8580677418220638	subcortex	qc_covered	pearson
02	1	339	0.8479928246295395	subcortex	qc_covered	pearson
02	2	259	0.8374125389225353	subcortex	qc_covered	pearson
02	3	212	0.8360708738404925	subcortex	qc_covered	pearson
02	4	169	0.8330661992385845	subcortex	qc_covered	pearson
02	5	99	0.8132602684684377	subcortex	qc_covered	pearson
03	0	332	0.9143499338377488	subcortex	qc_covered	pearson
03	1	581	0.9053613796078248	subcortex	qc_covered	pearson
03	2	484	0.8966792985617231	subcortex	qc_covered	pearson
03	3	364	0.8949235765899171	subcortex	qc_covered	pearson
03	4	240	0.8872780072871966	subcortex	qc_covered	pearson
03	5	144	0.8831381616694958	subcortex	qc_covered	pearson
04	0	136	0.9035009152635372	subcortex	qc_covered	pearson
04	1	234	0.8953096282544737	subcortex	qc_covered	pearson
04	2	162	0.8967326168261731	subcortex	qc_covered	pearson
04	3	89	0.9039738571492434	subcortex	qc_covered	pearson
04	4	9	0.8768067410419017	subcortex	qc_covered	pearson
05	0	115	0.8915418870561862	subcortex	qc_covered	pearson
05	1	207	0.8963746370984796	subcortex	qc_covered	pearson
05	2	161	0.8824148692599542	subcortex	qc_covered	pearson
05	3	128	0.8766953615693935	subcortex	qc_covered	pearson
05	4	85	0.8853488301248893	subcortex	qc_covered	pearson
05	5	45	0.8866482463717896	subcortex	qc_covered	pearson
06	0	105	0.9070371216805075	subcortex	qc_covered	pearson
06	1	187	0.9023504887330844	subcortex	qc_covered	pearson
06	2	136	0.9000571814019737	subcortex	qc_covered	pearson
06	3	113	0.889979589371634	subcortex	qc_covered	pearson
06	4	85	0.8842554394139344	subcortex	qc_covered	pearson
06	5	40	0.8946106487290646	subcortex	qc_covered	pearson
01	0	58	0.9169035775757379	subcortex	low_motion	pearson
01	1	90	0.9150769673830562	subcortex	low_motion	pearson
01	2	54	0.9114664233372356	subcortex	low_motion	pearson
01	3	50	0.9105381437607252	subcortex	low_motion	pearson
01	4	57	0.9052515381523595	subcortex	low_motion	pearson
01	5	42	0.8985435884379342	subcortex	low_motion	pearson
02	0	80	0.8553633349439271	subcortex	low_motion	pearson
02	1	73	0.8647680236906291	subcortex	low_motion	pearson
02	2	14	0.8827210792662639	subcortex	low_motion	pearson
02	3	26	0.8356405220811688	subcortex	low_motion	pearson
02	4	78	0.8128744128304298	subcortex	low_motion	pearson
02	5	54	0.8216262130748636	subcortex	low_motion	pearson
03	0	96	0.91357419048147	subcortex	low_motion	pearson
03	1	165	0.8993094657988054	subcortex	low_motion	pearson
03	2	100	0.894399074535776	subcortex	low_motion	pearson
03	3	82	0.8960394187012377	subcortex	low_motion	pearson
03	4	60	0.8785666409838093	subcortex	low_motion	pearson
03	5	25	0.8725829218456713	subcortex	low_motion	pearson
04	0	34	0.900869464380325	subcortex	low_motion	pearson
04	1	68	0.8986408862839735	subcortex	low_motion	pearson
04	2	39	0.9079549418717053	subcortex	low_motion	pearson
04	3	12	0.9076948024115291	subcortex	low_motion	pearson
05	0	39	0.8876085117834444	subcortex	low_motion	pearson
05	1	45	0.8918825244360848	subcortex	low_motion	pearson
05	2	22	0.8744919926761145	subcortex	low_motion	pearson
05	3	30	0.875214665135819	subcortex	low_motion	pearson
05	4	38	0.8849368852200028	subcortex	low_motion	pearson
05	5	16	0.8941554272596417	subcortex	low_motion	pearson
06	0	30	0.9064724256155356	subcortex	low_motion	pearson
06	1	49	0.898727726655462	subcortex	low_motion	pearson
06	2	31	0.8925155596523581	subcortex	low_motion	pearson
06	3	29	0.8877493238954137	subcortex	low_motion	pearson
06	4	22	0.8937314851685094	subcortex	low_motion	pearson
06	5	10	0.901448576215846	subcortex	low_motion	pearson
01	0	69	0.9205082990579664	subcortex	high_tsnr	pearson
01	1	80	0.9142051155684718	subcortex	high_tsnr	pearson
01	2	15	0.9044264158571298	subcortex	high_tsnr	pearson
01	3	40	0.9116256818076527	subcortex	high_tsnr	pearson
01	4	81	0.9025711401407668	subcortex	high_tsnr	pearson
01	5	40	0.8903411657360656	subcortex	high_tsnr	pearson
02	0	51	0.8659133189437808	subcortex	high_tsnr	pearson
02	1	71	0.8599576183608404	subcortex	high_tsnr	pearson
02	2	42	0.8403892057116773	subcortex	high_tsnr	pearson
02	3	41	0.8354001912869212	subcortex	high_tsnr	pearson
02	4	53	0.8232200221419699	subcortex	high_tsnr	pearson
02	5	42	0.8231985421763034	subcortex	high_tsnr	pearson
03	0	82	0.9188967584611745	subcortex	high_tsnr	pearson
03	1	165	0.9105172478014204	subcortex	high_tsnr	pearson
03	2	121	0.9045141340862884	subcortex	high_tsnr	pearson
03	3	90	0.9000791834472264	subcortex	high_tsnr	pearson
03	4	55	0.8847157931851158	subcortex	high_tsnr	pearson
03	5	15	0.8864261609381888	subcortex	high_tsnr	pearson
04	0	34	0.8978916954423373	subcortex	high_tsnr	pearson
04	1	68	0.8957356724132588	subcortex	high_tsnr	pearson
04	2	39	0.8947028018129547	subcortex	high_tsnr	pearson
04	3	12	0.9230068272976797	subcortex	high_tsnr	pearson
05	0	42	0.884046773469459	subcortex	high_tsnr	pearson
05	1	49	0.8799152888517214	subcortex	high_tsnr	pearson
05	2	12	0.8891069735636936	subcortex	high_tsnr	pearson
05	3	31	0.8743934046398065	subcortex	high_tsnr	pearson
05	4	29	0.8766856683501203	subcortex	high_tsnr	pearson
05	5	8	0.87641828509218	subcortex	high_tsnr	pearson
06	0	44	0.9055718362074548	subcortex	high_tsnr	pearson
06	1	58	0.8987084295155023	subcortex	high_tsnr	pearson
06	2	21	0.8989169061879446	subcortex	high_tsnr	pearson
06	3	22	0.8820952819597087	subcortex	high_tsnr	pearson
06	4	8	0.8478193706174233	subcortex	high_tsnr	pearson
