dataset	n_sessions	n_passing	median_usable_duration_sec	qc_coverage
floc	18	0	431.35499999999996	1.0
friends	335	291	2732.66	0.991044776119403
gamepad	17	0	511.07	1.0
harrypotter	5	5	5010.870000000001	0.0
hcptrt	61	50	2300.56	1.0
langlocalizer	12	0	1120.48	1.0
mario	116	106	2784.81	0.0
movie10	67	54	2920.4	1.0
multfs	80	49	1875.1650000000004	0.575
mutemusic	23	11	1612.1799999999998	1.0
narratives	60	38	2041.2999999999997	0.8666666666666667
petit-prince	15	14	3020.23	1.0
retinotopy	23	0	689.8700000000001	1.0
shinobi	48	32	2122.505	0.9583333333333334
things	141	0	1238.1899999999998	1.0
triplets	107	0	807.5799999999999	0.9906542056074766
